subject,item,fixation_time,word_frequency
1,3,NA,Low
1,5,NA,High
1,9,NA,High
1,15,NA,Low
1,17,NA,High
1,19,NA,Low
1,21,229,High
1,23,NA,Low
1,27,NA,Low
1,29,NA,High
1,31,NA,Low
1,33,NA,High
1,35,NA,Low
1,37,NA,High
1,41,NA,High
1,43,NA,Low
1,47,NA,Low
1,49,NA,High
1,51,NA,Low
1,53,281,High
1,55,NA,Low
1,57,328,High
1,61,NA,High
1,63,234,Low
1,65,NA,High
1,67,NA,Low
1,69,180,High
1,71,NA,Low
1,73,403,High
1,77,227,High
1,81,132,High
1,83,164,Low
1,85,142,High
1,87,160,Low
1,91,415,Low
1,93,NA,High
1,97,NA,High
1,99,218,Low
1,101,NA,High
1,103,245,Low
1,105,217,High
1,107,NA,Low
1,109,167,High
1,111,NA,Low
1,113,181,High
1,117,212,High
1,119,195,Low
1,121,NA,High
1,125,NA,High
1,129,NA,High
1,131,NA,Low
1,139,260,Low
1,141,NA,High
1,145,NA,High
1,147,190,Low
1,151,NA,Low
1,155,224,Low
1,157,204,High
1,159,NA,Low
1,161,NA,High
1,165,210,High
1,167,209,Low
1,169,284,High
1,171,NA,Low
1,175,208,Low
1,177,178,High
1,179,238,Low
1,181,231,High
1,183,187,Low
1,187,186,Low
1,191,NA,Low
1,193,NA,High
1,195,204,Low
1,197,NA,High
1,205,NA,High
1,207,NA,Low
1,213,NA,High
1,215,303,Low
1,217,152,High
1,221,189,High
1,223,NA,Low
1,225,286,High
1,229,NA,High
1,239,336,Low
1,241,NA,High
1,243,177,Low
1,245,NA,High
1,247,184,Low
1,253,NA,High
1,257,195,High
1,259,224,Low
1,261,NA,High
1,267,163,Low
1,269,207,High
1,271,236,Low
1,273,NA,High
1,275,218,Low
1,277,NA,High
1,279,NA,Low
1,281,246,High
1,283,NA,Low
1,287,NA,Low
2,2,138,Low
2,4,180,High
2,6,217,Low
2,12,151,High
2,14,228,Low
2,16,271,High
2,18,380,Low
2,20,268,High
2,26,209,Low
2,28,200,High
2,30,182,Low
2,32,217,High
2,34,237,Low
2,36,170,High
2,38,299,Low
2,40,159,High
2,44,223,High
2,46,96,Low
2,48,170,High
2,50,188,Low
2,52,178,High
2,54,239,Low
2,56,276,High
2,58,NA,Low
2,60,311,High
2,62,186,Low
2,64,218,High
2,66,202,Low
2,68,168,High
2,70,254,Low
2,72,252,High
2,74,194,Low
2,76,307,High
2,78,197,Low
2,80,189,High
2,82,198,Low
2,84,188,High
2,86,179,Low
2,88,240,High
2,90,185,Low
2,94,232,Low
2,96,200,High
2,98,209,Low
2,100,185,High
2,104,170,High
2,106,210,Low
2,108,294,High
2,110,226,Low
2,112,153,High
2,114,204,Low
2,116,181,High
2,118,217,Low
2,120,225,High
2,122,183,Low
2,124,145,High
2,130,344,Low
2,132,162,High
2,134,252,Low
2,138,321,Low
2,140,207,High
2,142,198,Low
2,144,111,High
2,146,206,Low
2,148,197,High
2,150,154,Low
2,152,236,High
2,154,170,Low
2,156,215,High
2,158,188,Low
2,160,249,High
2,162,348,Low
2,166,NA,Low
2,168,235,High
2,170,245,Low
2,172,150,High
2,174,263,Low
2,176,216,High
2,178,271,Low
2,180,224,High
2,182,163,Low
2,184,244,High
2,186,200,Low
2,188,206,High
2,190,176,Low
2,192,199,High
2,194,219,Low
2,196,275,High
2,198,256,Low
2,200,275,High
2,202,159,Low
2,204,226,High
2,206,242,Low
2,208,217,High
2,210,328,Low
2,212,217,High
2,216,NA,High
2,218,218,Low
2,220,318,High
2,222,209,Low
2,226,195,Low
2,228,186,High
2,230,117,Low
2,232,183,High
2,234,203,Low
2,238,170,Low
2,240,181,High
2,242,359,Low
2,246,208,Low
2,248,150,High
2,250,178,Low
2,252,341,High
2,254,165,Low
2,258,184,Low
2,260,107,High
2,262,185,Low
2,264,286,High
2,266,227,Low
2,270,393,Low
2,272,203,High
2,274,209,Low
2,276,159,High
2,278,193,Low
2,282,222,Low
2,284,206,High
2,286,257,Low
2,288,160,High
3,5,243,Low
3,7,183,High
3,9,267,Low
3,15,NA,High
3,21,224,Low
3,27,254,High
3,29,612,Low
3,33,217,Low
3,39,148,High
3,43,316,High
3,47,219,High
3,51,217,High
3,55,121,High
3,57,258,Low
3,61,143,Low
3,63,229,High
3,73,386,Low
3,79,135,High
3,83,208,High
3,85,386,Low
3,93,274,Low
3,95,178,High
3,111,353,High
3,113,170,Low
3,117,233,Low
3,121,298,Low
3,129,458,Low
3,131,157,High
3,135,199,High
3,137,155,Low
3,141,237,Low
3,143,146,High
3,145,251,Low
3,151,185,High
3,153,250,Low
3,159,255,High
3,161,179,Low
3,163,233,High
3,173,245,Low
3,175,346,High
3,177,NA,Low
3,179,130,High
3,181,219,Low
3,185,260,Low
3,187,271,High
3,189,338,Low
3,191,202,High
3,193,319,Low
3,195,159,High
3,199,174,High
3,201,327,Low
3,207,289,High
3,209,124,Low
3,213,332,Low
3,215,187,High
3,225,207,Low
3,227,227,High
3,237,206,Low
3,239,241,High
3,247,182,High
3,249,180,Low
3,253,308,Low
3,255,245,High
3,265,210,Low
3,269,333,Low
3,281,198,Low
3,285,198,Low
4,2,258,High
4,4,353,Low
4,6,NA,High
4,8,168,Low
4,10,NA,High
4,12,NA,Low
4,14,NA,High
4,16,226,Low
4,18,NA,High
4,20,NA,Low
4,22,237,High
4,26,NA,High
4,28,278,Low
4,30,212,High
4,32,NA,Low
4,34,NA,High
4,36,NA,Low
4,38,174,High
4,42,NA,High
4,44,107,Low
4,46,270,High
4,50,266,High
4,52,NA,Low
4,54,69,High
4,56,111,Low
4,58,229,High
4,60,230,Low
4,62,NA,High
4,66,NA,High
4,68,284,Low
4,70,67,High
4,72,363,Low
4,74,165,High
4,76,255,Low
4,78,223,High
4,80,317,Low
4,82,NA,High
4,84,NA,Low
4,86,141,High
4,88,245,Low
4,92,163,Low
4,94,NA,High
4,96,NA,Low
4,100,213,Low
4,102,244,High
4,104,320,Low
4,106,197,High
4,108,248,Low
4,110,245,High
4,112,319,Low
4,114,194,High
4,116,160,Low
4,118,163,High
4,120,294,Low
4,122,NA,High
4,124,243,Low
4,126,190,High
4,128,NA,Low
4,130,159,High
4,132,494,Low
4,134,NA,High
4,136,NA,Low
4,138,320,High
4,140,NA,Low
4,144,216,Low
4,146,221,High
4,148,157,Low
4,150,270,High
4,152,298,Low
4,154,182,High
4,156,NA,Low
4,158,199,High
4,160,183,Low
4,162,NA,High
4,164,176,Low
4,168,291,Low
4,170,NA,High
4,172,161,Low
4,174,NA,High
4,180,170,Low
4,184,NA,Low
4,186,NA,High
4,188,158,Low
4,190,NA,High
4,192,200,Low
4,194,288,High
4,198,NA,High
4,200,145,Low
4,202,NA,High
4,204,358,Low
4,206,321,High
4,210,NA,High
4,214,162,High
4,216,NA,Low
4,220,160,Low
4,226,NA,High
4,228,NA,Low
4,230,248,High
4,232,165,Low
4,234,170,High
4,236,NA,Low
4,238,150,High
4,240,78,Low
4,242,NA,High
4,244,NA,Low
4,246,NA,High
4,248,264,Low
4,250,183,High
4,252,NA,Low
4,258,NA,High
4,260,284,Low
4,262,NA,High
4,264,NA,Low
4,266,191,High
4,268,NA,Low
4,270,NA,High
4,272,139,Low
4,274,233,High
4,276,158,Low
4,278,123,High
4,280,NA,Low
4,282,NA,High
4,284,NA,Low
4,286,177,High
4,288,250,Low
5,1,160,High
5,5,NA,High
5,7,NA,Low
5,9,179,High
5,13,128,High
5,17,NA,High
5,19,NA,Low
5,21,NA,High
5,23,NA,Low
5,27,168,Low
5,31,NA,Low
5,33,155,High
5,35,210,Low
5,37,176,High
5,41,221,High
5,43,NA,Low
5,45,277,High
5,47,311,Low
5,51,170,Low
5,53,NA,High
5,57,NA,High
5,59,251,Low
5,61,167,High
5,63,339,Low
5,65,NA,High
5,69,NA,High
5,71,212,Low
5,73,NA,High
5,75,125,Low
5,77,172,High
5,79,316,Low
5,81,NA,High
5,83,177,Low
5,85,296,High
5,87,305,Low
5,89,184,High
5,91,235,Low
5,93,168,High
5,95,213,Low
5,97,183,High
5,99,240,Low
5,101,176,High
5,103,500,Low
5,105,350,High
5,107,253,Low
5,109,344,High
5,111,285,Low
5,113,163,High
5,115,381,Low
5,117,336,High
5,119,230,Low
5,121,194,High
5,123,277,Low
5,125,184,High
5,127,230,Low
5,129,NA,High
5,131,223,Low
5,133,206,High
5,135,152,Low
5,137,219,High
5,139,289,Low
5,141,NA,High
5,143,160,Low
5,145,NA,High
5,147,175,Low
5,149,159,High
5,151,510,Low
5,153,146,High
5,155,172,Low
5,157,NA,High
5,159,272,Low
5,163,243,Low
5,165,214,High
5,167,176,Low
5,169,172,High
5,171,304,Low
5,173,191,High
5,177,162,High
5,179,NA,Low
5,181,214,High
5,183,235,Low
5,185,280,High
5,187,337,Low
5,189,197,High
5,191,185,Low
5,193,199,High
5,195,320,Low
5,197,NA,High
5,199,197,Low
5,203,181,Low
5,207,310,Low
5,209,159,High
5,211,171,Low
5,213,227,High
5,215,281,Low
5,217,NA,High
5,219,657,Low
5,221,207,High
5,223,153,Low
5,227,171,Low
5,231,230,Low
5,233,230,High
5,235,377,Low
5,237,261,High
5,241,255,High
5,243,89,Low
5,245,173,High
5,247,579,Low
5,249,117,High
5,251,331,Low
5,253,204,High
5,257,207,High
5,259,189,Low
5,261,244,High
5,263,244,Low
5,265,192,High
5,267,NA,Low
5,269,NA,High
5,271,225,Low
5,273,NA,High
5,277,NA,High
5,279,NA,Low
5,281,394,High
5,283,NA,Low
5,285,NA,High
6,2,180,Low
6,4,425,High
6,6,214,Low
6,8,194,High
6,10,337,Low
6,12,210,High
6,14,430,Low
6,16,294,High
6,18,333,Low
6,22,NA,Low
6,24,514,High
6,26,470,Low
6,28,193,High
6,30,NA,Low
6,32,215,High
6,34,344,Low
6,36,201,High
6,38,366,Low
6,40,252,High
6,42,296,Low
6,44,138,High
6,46,299,Low
6,48,405,High
6,50,294,Low
6,52,252,High
6,54,298,Low
6,56,244,High
6,58,427,Low
6,60,260,High
6,62,342,Low
6,64,223,High
6,66,771,Low
6,68,212,High
6,70,349,Low
6,72,421,High
6,74,279,Low
6,76,215,High
6,78,220,Low
6,80,137,High
6,82,189,Low
6,84,178,High
6,86,397,Low
6,88,218,High
6,90,297,Low
6,92,329,High
6,94,144,Low
6,96,241,High
6,98,205,Low
6,102,551,Low
6,104,388,High
6,106,202,Low
6,108,154,High
6,110,249,Low
6,114,110,Low
6,116,417,High
6,118,388,Low
6,120,284,High
6,122,261,Low
6,124,196,High
6,126,296,Low
6,128,170,High
6,130,247,Low
6,132,144,High
6,134,300,Low
6,136,226,High
6,138,348,Low
6,140,316,High
6,142,294,Low
6,144,409,High
6,148,235,High
6,150,212,Low
6,154,237,Low
6,156,181,High
6,158,388,Low
6,160,225,High
6,162,288,Low
6,164,240,High
6,168,218,High
6,170,289,Low
6,172,324,High
6,174,404,Low
6,176,375,High
6,180,203,High
6,182,249,Low
6,184,280,High
6,186,329,Low
6,188,274,High
6,190,755,Low
6,192,333,High
6,194,262,Low
6,196,238,High
6,198,487,Low
6,200,254,High
6,202,221,Low
6,206,211,Low
6,208,302,High
6,212,271,High
6,214,265,Low
6,218,166,Low
6,220,439,High
6,222,246,Low
6,224,204,High
6,226,285,Low
6,228,320,High
6,230,222,Low
6,232,268,High
6,234,198,Low
6,236,NA,High
6,238,227,Low
6,240,260,High
6,242,320,Low
6,244,260,High
6,246,214,Low
6,248,390,High
6,250,400,Low
6,254,288,Low
6,258,357,Low
6,260,NA,High
6,262,255,Low
6,266,307,Low
6,268,201,High
6,270,303,Low
6,272,186,High
6,274,583,Low
6,276,713,High
6,278,247,Low
6,280,270,High
6,282,210,Low
6,284,278,High
6,286,237,Low
6,288,172,High
7,1,163,Low
7,3,185,High
7,5,231,Low
7,9,215,Low
7,13,186,Low
7,15,189,High
7,17,333,Low
7,19,228,High
7,21,186,Low
7,23,NA,High
7,25,NA,Low
7,27,NA,High
7,29,169,Low
7,31,163,High
7,33,299,Low
7,35,NA,High
7,39,96,High
7,41,254,Low
7,43,299,High
7,47,222,High
7,49,141,Low
7,53,NA,Low
7,55,NA,High
7,57,275,Low
7,61,258,Low
7,63,NA,High
7,65,211,Low
7,67,199,High
7,69,NA,Low
7,71,NA,High
7,73,201,Low
7,75,200,High
7,77,149,Low
7,79,233,High
7,81,211,Low
7,83,244,High
7,85,305,Low
7,87,249,High
7,89,218,Low
7,91,259,High
7,95,166,High
7,99,240,High
7,103,149,High
7,105,167,Low
7,107,198,High
7,109,141,Low
7,111,282,High
7,113,199,Low
7,115,165,High
7,117,NA,Low
7,121,204,Low
7,125,256,Low
7,127,183,High
7,129,268,Low
7,131,148,High
7,133,158,Low
7,135,183,High
7,137,NA,Low
7,139,206,High
7,141,223,Low
7,143,139,High
7,149,332,Low
7,151,325,High
7,153,239,Low
7,155,NA,High
7,157,253,Low
7,161,323,Low
7,163,200,High
7,167,215,High
7,171,159,High
7,173,218,Low
7,175,269,High
7,181,261,Low
7,183,195,High
7,185,NA,Low
7,187,240,High
7,189,162,Low
7,191,368,High
7,193,242,Low
7,197,331,Low
7,199,NA,High
7,201,189,Low
7,203,229,High
7,205,269,Low
7,209,NA,Low
7,213,212,Low
7,217,568,Low
7,225,NA,Low
7,227,350,High
7,231,406,High
7,233,333,Low
7,235,290,High
7,237,215,Low
7,239,434,High
7,241,290,Low
7,245,NA,Low
7,247,224,High
7,249,232,Low
7,253,NA,Low
7,257,165,Low
7,261,389,Low
7,263,221,High
7,265,NA,Low
7,269,250,Low
7,271,160,High
7,275,35,High
7,277,211,Low
7,279,253,High
7,283,224,High
7,285,247,Low
8,2,171,High
8,4,260,Low
8,6,290,High
8,8,453,Low
8,10,NA,High
8,12,393,Low
8,14,243,High
8,16,230,Low
8,18,NA,High
8,20,298,Low
8,22,360,High
8,24,178,Low
8,26,189,High
8,28,196,Low
8,30,404,High
8,32,316,Low
8,34,421,High
8,38,207,High
8,40,416,Low
8,42,139,High
8,46,149,High
8,48,133,Low
8,50,246,High
8,52,328,Low
8,54,216,High
8,56,501,Low
8,58,360,High
8,60,NA,Low
8,62,296,High
8,64,239,Low
8,66,211,High
8,68,236,Low
8,70,217,High
8,72,255,Low
8,74,194,High
8,78,123,High
8,82,294,High
8,84,257,Low
8,86,471,High
8,88,196,Low
8,90,NA,High
8,94,173,High
8,96,281,Low
8,100,250,Low
8,102,222,High
8,104,386,Low
8,106,151,High
8,108,280,Low
8,110,313,High
8,112,56,Low
8,114,186,High
8,116,211,Low
8,120,280,Low
8,122,263,High
8,124,182,Low
8,126,278,High
8,128,369,Low
8,130,161,High
8,132,236,Low
8,134,378,High
8,136,235,Low
8,138,358,High
8,140,365,Low
8,142,664,High
8,146,171,High
8,148,247,Low
8,150,269,High
8,152,263,Low
8,154,278,High
8,156,164,Low
8,158,163,High
8,160,283,Low
8,168,314,Low
8,170,NA,High
8,172,234,Low
8,174,277,High
8,176,301,Low
8,178,176,High
8,180,264,Low
8,182,463,High
8,184,184,Low
8,186,374,High
8,188,233,Low
8,190,382,High
8,192,336,Low
8,194,407,High
8,196,278,Low
8,198,213,High
8,200,183,Low
8,202,NA,High
8,204,349,Low
8,206,240,High
8,210,245,High
8,212,233,Low
8,214,395,High
8,216,346,Low
8,218,376,High
8,220,478,Low
8,222,201,High
8,224,301,Low
8,226,200,High
8,228,448,Low
8,230,247,High
8,232,279,Low
8,236,103,Low
8,238,238,High
8,240,313,Low
8,246,312,High
8,250,238,High
8,252,499,Low
8,254,264,High
8,256,570,Low
8,258,248,High
8,260,163,Low
8,262,250,High
8,264,218,Low
8,266,176,High
8,268,265,Low
8,270,239,High
8,272,299,Low
8,274,278,High
8,276,232,Low
8,278,190,High
8,280,404,Low
8,282,256,High
8,284,226,Low
8,286,220,High
8,288,261,Low
9,3,706,Low
9,5,141,High
9,7,NA,Low
9,9,NA,High
9,13,154,High
9,17,NA,High
9,25,331,High
9,27,295,Low
9,29,NA,High
9,33,542,High
9,35,495,Low
9,37,777,High
9,39,640,Low
9,41,152,High
9,43,448,Low
9,47,NA,Low
9,51,305,Low
9,53,596,High
9,61,498,High
9,65,208,High
9,69,261,High
9,71,339,Low
9,73,NA,High
9,75,414,Low
9,79,609,Low
9,81,NA,High
9,85,447,High
9,87,263,Low
9,89,358,High
9,91,346,Low
9,95,291,Low
9,99,334,Low
9,101,286,High
9,103,634,Low
9,105,298,High
9,109,385,High
9,111,501,Low
9,113,252,High
9,119,278,Low
9,121,432,High
9,123,350,Low
9,127,355,Low
9,129,494,High
9,135,626,Low
9,137,604,High
9,139,452,Low
9,145,115,High
9,149,NA,High
9,151,591,Low
9,159,332,Low
9,163,413,Low
9,165,NA,High
9,171,251,Low
9,173,577,High
9,175,507,Low
9,179,326,Low
9,181,543,High
9,183,690,Low
9,185,NA,High
9,187,449,Low
9,189,NA,High
9,193,NA,High
9,197,NA,High
9,199,334,Low
9,201,395,High
9,207,471,Low
9,209,NA,High
9,219,257,Low
9,223,374,Low
9,225,NA,High
9,229,160,High
9,231,239,Low
9,233,479,High
9,241,NA,High
9,243,456,Low
9,251,505,Low
9,255,428,Low
9,257,204,High
9,265,NA,High
9,267,523,Low
9,269,317,High
9,271,274,Low
9,273,247,High
9,277,339,High
9,279,325,Low
9,283,307,Low
9,285,237,High
9,287,505,Low
10,2,114,Low
10,4,276,High
10,6,400,Low
10,10,402,Low
10,12,199,High
10,14,178,Low
10,16,187,High
10,18,357,Low
10,20,122,High
10,22,489,Low
10,24,250,High
10,26,275,Low
10,28,190,High
10,30,198,Low
10,32,214,High
10,34,357,Low
10,36,534,High
10,38,575,Low
10,40,197,High
10,42,186,Low
10,44,168,High
10,46,268,Low
10,48,151,High
10,52,306,High
10,54,333,Low
10,56,150,High
10,60,276,High
10,62,275,Low
10,64,218,High
10,66,187,Low
10,68,128,High
10,72,452,High
10,74,244,Low
10,76,246,High
10,78,215,Low
10,80,153,High
10,82,284,Low
10,84,265,High
10,86,514,Low
10,88,199,High
10,90,183,Low
10,92,510,High
10,94,278,Low
10,96,177,High
10,98,290,Low
10,100,241,High
10,104,176,High
10,106,318,Low
10,108,241,High
10,110,263,Low
10,112,326,High
10,114,291,Low
10,116,188,High
10,118,345,Low
10,120,231,High
10,122,227,Low
10,124,211,High
10,126,235,Low
10,130,125,Low
10,132,146,High
10,134,282,Low
10,136,209,High
10,138,236,Low
10,140,325,High
10,142,377,Low
10,144,221,High
10,146,229,Low
10,148,191,High
10,150,165,Low
10,152,171,High
10,154,437,Low
10,156,308,High
10,158,309,Low
10,160,172,High
10,164,249,High
10,166,319,Low
10,168,278,High
10,170,198,Low
10,172,210,High
10,174,212,Low
10,176,188,High
10,178,209,Low
10,180,146,High
10,182,393,Low
10,184,183,High
10,186,337,Low
10,188,183,High
10,190,326,Low
10,192,311,High
10,194,322,Low
10,196,550,High
10,198,343,Low
10,200,339,High
10,202,410,Low
10,204,208,High
10,206,398,Low
10,208,249,High
10,210,601,Low
10,212,323,High
10,214,188,Low
10,216,290,High
10,218,196,Low
10,220,364,High
10,222,378,Low
10,224,181,High
10,226,416,Low
10,228,504,High
10,230,182,Low
10,232,197,High
10,234,289,Low
10,236,160,High
10,238,229,Low
10,240,285,High
10,242,162,Low
10,246,187,Low
10,248,417,High
10,250,222,Low
10,252,129,High
10,254,309,Low
10,256,393,High
10,258,319,Low
10,260,225,High
10,262,247,Low
10,264,195,High
10,266,313,Low
10,268,279,High
10,270,248,Low
10,272,330,High
10,274,352,Low
10,276,394,High
10,278,222,Low
10,280,187,High
10,282,308,Low
10,284,280,High
10,286,410,Low
10,288,263,High
11,3,179,High
11,5,167,Low
11,7,153,High
11,9,291,Low
11,11,123,High
11,13,296,Low
11,15,212,High
11,17,206,Low
11,19,145,High
11,21,339,Low
11,23,157,High
11,25,522,Low
11,29,203,Low
11,33,597,Low
11,35,288,High
11,37,128,Low
11,39,297,High
11,41,398,Low
11,43,NA,High
11,45,300,Low
11,49,189,Low
11,51,411,High
11,53,347,Low
11,55,187,High
11,57,185,Low
11,59,134,High
11,61,335,Low
11,63,210,High
11,67,123,High
11,69,202,Low
11,71,335,High
11,73,325,Low
11,75,228,High
11,79,143,High
11,81,216,Low
11,85,155,Low
11,91,229,High
11,93,337,Low
11,95,207,High
11,97,130,Low
11,101,239,Low
11,103,124,High
11,105,257,Low
11,107,219,High
11,109,113,Low
11,115,162,High
11,117,271,Low
11,119,313,High
11,121,334,Low
11,123,158,High
11,127,122,High
11,129,267,Low
11,131,338,High
11,133,314,Low
11,135,247,High
11,137,283,Low
11,139,229,High
11,141,178,Low
11,143,137,High
11,145,192,Low
11,155,152,High
11,157,403,Low
11,159,348,High
11,161,294,Low
11,163,188,High
11,165,322,Low
11,167,260,High
11,169,492,Low
11,171,175,High
11,173,344,Low
11,175,287,High
11,177,169,Low
11,181,317,Low
11,183,295,High
11,185,192,Low
11,187,208,High
11,193,256,Low
11,195,462,High
11,197,NA,Low
11,201,256,Low
11,203,164,High
11,205,165,Low
11,207,124,High
11,209,297,Low
11,211,187,High
11,213,229,Low
11,217,548,Low
11,219,306,High
11,221,771,Low
11,227,317,High
11,229,302,Low
11,231,406,High
11,233,311,Low
11,235,275,High
11,237,306,Low
11,239,181,High
11,241,259,Low
11,245,350,Low
11,247,329,High
11,249,192,Low
11,253,229,Low
11,255,221,High
11,261,233,Low
11,265,143,Low
11,267,139,High
11,269,293,Low
11,271,203,High
11,273,155,Low
11,275,275,High
11,277,306,Low
11,279,174,High
11,281,204,Low
11,285,176,Low
11,287,414,High
12,2,NA,High
12,4,374,Low
12,8,314,Low
12,12,350,Low
12,14,278,High
12,18,387,High
12,20,NA,Low
12,22,182,High
12,24,367,Low
12,26,370,High
12,28,312,Low
12,30,268,High
12,32,265,Low
12,34,571,High
12,38,264,High
12,42,343,High
12,44,531,Low
12,46,395,High
12,50,341,High
12,52,291,Low
12,54,223,High
12,56,255,Low
12,60,373,Low
12,62,642,High
12,64,365,Low
12,66,339,High
12,68,217,Low
12,70,NA,High
12,74,327,High
12,76,345,Low
12,80,248,Low
12,82,288,High
12,84,252,Low
12,86,309,High
12,92,218,Low
12,94,308,High
12,96,464,Low
12,98,299,High
12,100,379,Low
12,102,254,High
12,104,233,Low
12,106,265,High
12,108,373,Low
12,110,332,High
12,112,192,Low
12,114,245,High
12,116,263,Low
12,118,295,High
12,120,643,Low
12,122,332,High
12,126,175,High
12,128,438,Low
12,130,469,High
12,132,336,Low
12,134,502,High
12,136,234,Low
12,138,314,High
12,140,318,Low
12,142,254,High
12,144,500,Low
12,146,232,High
12,148,NA,Low
12,156,NA,Low
12,158,501,High
12,160,436,Low
12,162,452,High
12,164,400,Low
12,166,261,High
12,168,448,Low
12,172,405,Low
12,174,354,High
12,176,268,Low
12,178,267,High
12,180,742,Low
12,182,261,High
12,186,442,High
12,188,486,Low
12,190,362,High
12,192,462,Low
12,194,422,High
12,196,347,Low
12,198,447,High
12,200,317,Low
12,202,380,High
12,204,633,Low
12,206,398,High
12,208,500,Low
12,210,226,High
12,212,748,Low
12,214,330,High
12,216,264,Low
12,218,272,High
12,222,735,High
12,226,485,High
12,230,519,High
12,232,502,Low
12,234,277,High
12,236,532,Low
12,238,263,High
12,240,526,Low
12,242,542,High
12,244,480,Low
12,246,385,High
12,248,266,Low
12,250,424,High
12,254,371,High
12,256,642,Low
12,258,303,High
12,260,248,Low
12,262,500,High
12,264,321,Low
12,266,205,High
12,268,181,Low
12,272,151,Low
12,274,NA,High
12,276,472,Low
12,278,205,High
12,280,320,Low
12,286,250,High
12,288,310,Low
13,1,78,High
13,3,141,Low
13,5,219,High
13,7,151,Low
13,9,154,High
13,11,221,Low
13,13,159,High
13,15,NA,Low
13,17,160,High
13,19,NA,Low
13,21,186,High
13,27,243,Low
13,29,230,High
13,33,163,High
13,35,225,Low
13,37,64,High
13,39,164,Low
13,41,149,High
13,43,149,Low
13,45,204,High
13,47,483,Low
13,49,165,High
13,51,73,Low
13,57,NA,High
13,59,185,Low
13,65,217,High
13,67,224,Low
13,69,169,High
13,71,191,Low
13,73,NA,High
13,83,240,Low
13,85,59,High
13,87,247,Low
13,91,303,Low
13,93,225,High
13,95,288,Low
13,97,147,High
13,101,80,High
13,103,261,Low
13,105,164,High
13,107,219,Low
13,109,187,High
13,111,163,Low
13,113,220,High
13,117,216,High
13,119,245,Low
13,121,219,High
13,123,193,Low
13,125,NA,High
13,127,202,Low
13,131,115,Low
13,133,204,High
13,135,234,Low
13,139,320,Low
13,141,NA,High
13,143,365,Low
13,145,82,High
13,147,231,Low
13,149,211,High
13,151,186,Low
13,153,223,High
13,155,191,Low
13,157,220,High
13,159,342,Low
13,161,268,High
13,163,255,Low
13,167,51,Low
13,169,NA,High
13,171,255,Low
13,175,167,Low
13,177,160,High
13,179,173,Low
13,181,177,High
13,183,178,Low
13,185,250,High
13,187,357,Low
13,189,213,High
13,191,201,Low
13,193,343,High
13,195,96,Low
13,197,187,High
13,199,238,Low
13,201,191,High
13,203,190,Low
13,205,267,High
13,209,155,High
13,211,229,Low
13,213,NA,High
13,221,102,High
13,223,244,Low
13,225,146,High
13,227,274,Low
13,229,NA,High
13,231,233,Low
13,237,320,High
13,239,156,Low
13,241,128,High
13,247,59,Low
13,249,NA,High
13,251,223,Low
13,253,208,High
13,255,NA,Low
13,257,109,High
13,259,158,Low
13,261,243,High
13,263,123,Low
13,265,290,High
13,267,195,Low
13,269,225,High
13,273,375,High
13,275,236,Low
13,277,176,High
13,279,198,Low
13,283,302,Low
13,287,561,Low
14,2,170,Low
14,4,NA,High
14,6,236,Low
14,8,NA,High
14,10,179,Low
14,12,264,High
14,14,259,Low
14,16,NA,High
14,18,163,Low
14,20,177,High
14,24,NA,High
14,26,198,Low
14,28,333,High
14,32,NA,High
14,34,373,Low
14,38,590,Low
14,40,193,High
14,42,149,Low
14,44,160,High
14,46,226,Low
14,48,168,High
14,50,NA,Low
14,52,201,High
14,54,124,Low
14,56,NA,High
14,58,161,Low
14,60,NA,High
14,64,NA,High
14,66,175,Low
14,70,NA,Low
14,74,NA,Low
14,76,180,High
14,78,266,Low
14,80,173,High
14,82,NA,Low
14,84,354,High
14,86,175,Low
14,88,195,High
14,90,279,Low
14,92,193,High
14,94,263,Low
14,96,433,High
14,98,158,Low
14,100,183,High
14,104,138,High
14,106,168,Low
14,108,183,High
14,110,247,Low
14,112,221,High
14,114,171,Low
14,116,365,High
14,118,193,Low
14,122,NA,Low
14,124,219,High
14,126,188,Low
14,128,NA,High
14,130,168,Low
14,134,173,Low
14,136,NA,High
14,140,331,High
14,142,NA,Low
14,144,213,High
14,146,181,Low
14,148,170,High
14,150,182,Low
14,152,NA,High
14,154,183,Low
14,156,NA,High
14,158,192,Low
14,162,305,Low
14,164,172,High
14,166,423,Low
14,168,158,High
14,170,NA,Low
14,172,244,High
14,174,321,Low
14,176,185,High
14,178,171,Low
14,180,137,High
14,182,155,Low
14,184,195,High
14,186,NA,Low
14,188,137,High
14,190,228,Low
14,194,225,Low
14,196,NA,High
14,198,360,Low
14,200,178,High
14,202,202,Low
14,204,213,High
14,210,311,Low
14,212,123,High
14,216,188,High
14,218,239,Low
14,220,NA,High
14,222,NA,Low
14,224,177,High
14,226,NA,Low
14,228,271,High
14,230,225,Low
14,232,202,High
14,234,193,Low
14,236,NA,High
14,238,311,Low
14,240,228,High
14,244,183,High
14,246,266,Low
14,250,184,Low
14,254,255,Low
14,256,278,High
14,260,292,High
14,262,189,Low
14,264,NA,High
14,266,249,Low
14,268,NA,High
14,270,220,Low
14,272,NA,High
14,274,275,Low
14,278,279,Low
14,280,163,High
14,282,255,Low
14,284,175,High
14,286,256,Low
14,288,146,High
15,1,132,Low
15,5,366,Low
15,7,216,High
15,9,405,Low
15,11,246,High
15,13,494,Low
15,15,229,High
15,17,200,Low
15,19,149,High
15,21,345,Low
15,25,175,Low
15,27,NA,High
15,29,304,Low
15,31,173,High
15,35,298,High
15,37,127,Low
15,39,545,High
15,41,280,Low
15,43,183,High
15,47,373,High
15,49,340,Low
15,51,64,High
15,53,NA,Low
15,55,178,High
15,57,NA,Low
15,59,NA,High
15,61,215,Low
15,63,272,High
15,65,156,Low
15,67,205,High
15,69,195,Low
15,71,NA,High
15,73,290,Low
15,75,212,High
15,77,579,Low
15,79,206,High
15,81,167,Low
15,83,201,High
15,85,252,Low
15,87,355,High
15,91,487,High
15,93,507,Low
15,95,200,High
15,97,242,Low
15,99,377,High
15,101,349,Low
15,103,423,High
15,105,55,Low
15,107,292,High
15,109,217,Low
15,111,224,High
15,113,354,Low
15,115,194,High
15,117,45,Low
15,119,164,High
15,121,447,Low
15,123,294,High
15,125,262,Low
15,127,234,High
15,129,357,Low
15,131,261,High
15,133,193,Low
15,135,657,High
15,137,473,Low
15,141,375,Low
15,143,173,High
15,145,457,Low
15,147,138,High
15,149,199,Low
15,151,175,High
15,153,296,Low
15,155,438,High
15,157,169,Low
15,159,363,High
15,163,354,High
15,165,158,Low
15,167,393,High
15,169,342,Low
15,171,230,High
15,175,304,High
15,179,202,High
15,181,289,Low
15,183,245,High
15,185,362,Low
15,187,488,High
15,189,518,Low
15,191,583,High
15,193,263,Low
15,195,515,High
15,197,128,Low
15,199,324,High
15,201,268,Low
15,203,349,High
15,205,575,Low
15,207,260,High
15,209,238,Low
15,211,218,High
15,213,356,Low
15,215,224,High
15,217,248,Low
15,219,249,High
15,221,489,Low
15,223,217,High
15,225,452,Low
15,227,498,High
15,229,398,Low
15,231,335,High
15,233,550,Low
15,235,346,High
15,237,254,Low
15,239,303,High
15,241,458,Low
15,243,138,High
15,245,554,Low
15,247,188,High
15,249,286,Low
15,251,188,High
15,253,201,Low
15,255,281,High
15,257,443,Low
15,259,NA,High
15,261,419,Low
15,263,454,High
15,265,353,Low
15,269,356,Low
15,271,231,High
15,273,618,Low
15,275,243,High
15,277,311,Low
15,279,211,High
15,281,328,Low
15,283,192,High
15,285,259,Low
15,287,141,High
16,2,193,High
16,4,259,Low
16,6,536,High
16,8,221,Low
16,10,204,High
16,12,438,Low
16,16,226,Low
16,18,226,High
16,20,261,Low
16,22,352,High
16,24,439,Low
16,26,NA,High
16,28,196,Low
16,30,219,High
16,34,169,High
16,36,218,Low
16,38,NA,High
16,40,239,Low
16,44,168,Low
16,46,213,High
16,48,211,Low
16,50,270,High
16,52,181,Low
16,54,207,High
16,56,NA,Low
16,58,152,High
16,60,350,Low
16,62,176,High
16,64,213,Low
16,66,179,High
16,68,222,Low
16,70,NA,High
16,74,354,High
16,76,507,Low
16,78,99,High
16,84,182,Low
16,86,352,High
16,88,609,Low
16,92,307,Low
16,94,229,High
16,96,449,Low
16,98,227,High
16,102,200,High
16,104,349,Low
16,108,334,Low
16,112,173,Low
16,114,454,High
16,116,227,Low
16,118,371,High
16,120,259,Low
16,122,168,High
16,124,393,Low
16,126,403,High
16,128,561,Low
16,130,282,High
16,132,125,Low
16,136,178,Low
16,140,458,Low
16,144,566,Low
16,148,216,Low
16,150,220,High
16,152,443,Low
16,154,183,High
16,156,337,Low
16,158,391,High
16,160,330,Low
16,162,366,High
16,164,247,Low
16,166,273,High
16,168,187,Low
16,170,202,High
16,172,432,Low
16,174,307,High
16,176,258,Low
16,178,218,High
16,180,391,Low
16,182,227,High
16,188,NA,Low
16,190,174,High
16,192,537,Low
16,194,225,High
16,196,285,Low
16,198,NA,High
16,200,214,Low
16,204,213,Low
16,206,188,High
16,208,247,Low
16,210,211,High
16,212,274,Low
16,216,269,Low
16,218,337,High
16,220,326,Low
16,222,357,High
16,224,318,Low
16,226,211,High
16,228,223,Low
16,230,170,High
16,232,336,Low
16,234,362,High
16,236,491,Low
16,238,298,High
16,240,278,Low
16,242,395,High
16,244,363,Low
16,246,171,High
16,248,NA,Low
16,250,241,High
16,252,334,Low
16,254,209,High
16,256,214,Low
16,258,192,High
16,260,621,Low
16,262,218,High
16,266,152,High
16,268,NA,Low
16,270,206,High
16,272,235,Low
16,274,436,High
16,276,205,Low
16,278,178,High
16,280,198,Low
16,282,207,High
16,284,300,Low
16,286,214,High
16,288,520,Low
17,1,270,High
17,3,198,Low
17,5,349,High
17,7,213,Low
17,9,412,High
17,11,NA,Low
17,13,289,High
17,15,NA,Low
17,17,NA,High
17,19,695,Low
17,21,253,High
17,23,NA,Low
17,25,339,High
17,27,279,Low
17,29,NA,High
17,31,256,Low
17,33,286,High
17,35,224,Low
17,37,257,High
17,39,294,Low
17,41,282,High
17,43,278,Low
17,49,198,High
17,51,528,Low
17,53,425,High
17,55,472,Low
17,57,156,High
17,59,277,Low
17,61,238,High
17,63,506,Low
17,65,NA,High
17,67,154,Low
17,69,NA,High
17,71,685,Low
17,73,282,High
17,75,351,Low
17,77,148,High
17,79,655,Low
17,83,184,Low
17,85,256,High
17,89,209,High
17,93,186,High
17,95,NA,Low
17,97,402,High
17,99,180,Low
17,101,258,High
17,105,195,High
17,109,NA,High
17,111,198,Low
17,113,175,High
17,115,589,Low
17,117,NA,High
17,119,319,Low
17,121,297,High
17,123,348,Low
17,125,260,High
17,127,534,Low
17,129,240,High
17,131,230,Low
17,133,323,High
17,137,287,High
17,139,411,Low
17,141,240,High
17,143,545,Low
17,145,415,High
17,147,240,Low
17,151,577,Low
17,153,432,High
17,155,205,Low
17,157,279,High
17,159,304,Low
17,161,172,High
17,163,375,Low
17,165,418,High
17,169,289,High
17,171,284,Low
17,173,587,High
17,175,313,Low
17,177,363,High
17,179,NA,Low
17,183,NA,Low
17,185,340,High
17,187,NA,Low
17,189,207,High
17,191,409,Low
17,193,226,High
17,195,156,Low
17,197,278,High
17,199,412,Low
17,201,664,High
17,203,368,Low
17,205,209,High
17,207,296,Low
17,209,413,High
17,211,243,Low
17,213,170,High
17,215,409,Low
17,217,232,High
17,219,396,Low
17,221,286,High
17,223,395,Low
17,225,306,High
17,227,314,Low
17,231,439,Low
17,233,196,High
17,237,342,High
17,239,222,Low
17,241,231,High
17,243,390,Low
17,247,166,Low
17,249,364,High
17,251,218,Low
17,255,201,Low
17,257,440,High
17,261,750,High
17,263,NA,Low
17,265,NA,High
17,267,188,Low
17,269,245,High
17,271,172,Low
17,273,254,High
17,275,402,Low
17,279,208,Low
17,281,166,High
17,283,235,Low
17,285,201,High
17,287,397,Low
18,2,318,Low
18,4,352,High
18,6,223,Low
18,8,201,High
18,10,346,Low
18,12,518,High
18,14,NA,Low
18,16,196,High
18,20,252,High
18,22,291,Low
18,24,237,High
18,26,215,Low
18,28,167,High
18,30,395,Low
18,32,176,High
18,34,237,Low
18,36,452,High
18,38,329,Low
18,40,222,High
18,42,230,Low
18,44,264,High
18,46,182,Low
18,48,353,High
18,50,221,Low
18,52,401,High
18,56,238,High
18,58,355,Low
18,62,437,Low
18,64,202,High
18,66,498,Low
18,68,169,High
18,70,274,Low
18,72,227,High
18,74,238,Low
18,76,195,High
18,78,319,Low
18,80,181,High
18,82,535,Low
18,86,281,Low
18,88,192,High
18,90,402,Low
18,92,388,High
18,94,232,Low
18,96,216,High
18,98,402,Low
18,100,252,High
18,102,225,Low
18,104,202,High
18,106,329,Low
18,110,415,Low
18,114,187,Low
18,116,221,High
18,118,246,Low
18,120,241,High
18,122,239,Low
18,124,201,High
18,126,287,Low
18,128,378,High
18,130,366,Low
18,132,215,High
18,134,234,Low
18,136,218,High
18,140,180,High
18,142,345,Low
18,146,178,Low
18,148,242,High
18,150,232,Low
18,152,220,High
18,154,202,Low
18,156,272,High
18,158,273,Low
18,160,187,High
18,162,208,Low
18,164,423,High
18,168,233,High
18,170,232,Low
18,172,352,High
18,174,347,Low
18,176,187,High
18,178,197,Low
18,180,207,High
18,182,362,Low
18,184,754,High
18,186,305,Low
18,188,179,High
18,190,722,Low
18,192,225,High
18,194,564,Low
18,196,715,High
18,198,339,Low
18,202,301,Low
18,204,249,High
18,208,186,High
18,210,412,Low
18,212,257,High
18,214,261,Low
18,216,395,High
18,218,246,Low
18,220,417,High
18,222,273,Low
18,224,219,High
18,226,207,Low
18,228,232,High
18,230,177,Low
18,232,180,High
18,234,212,Low
18,236,244,High
18,238,283,Low
18,240,357,High
18,242,357,Low
18,244,279,High
18,246,236,Low
18,248,300,High
18,250,275,Low
18,252,261,High
18,254,309,Low
18,256,209,High
18,258,257,Low
18,260,351,High
18,262,310,Low
18,266,260,Low
18,268,184,High
18,270,274,Low
18,272,450,High
18,274,323,Low
18,276,351,High
18,278,255,Low
18,280,392,High
18,282,192,Low
18,286,178,Low
18,288,236,High
19,1,171,Low
19,5,170,Low
19,7,325,High
19,9,329,Low
19,11,137,High
19,13,148,Low
19,15,217,High
19,17,177,Low
19,19,539,High
19,21,556,Low
19,23,267,High
19,25,290,Low
19,27,230,High
19,33,172,Low
19,35,368,High
19,37,346,Low
19,39,400,High
19,41,436,Low
19,43,81,High
19,45,462,Low
19,47,320,High
19,49,362,Low
19,51,350,High
19,53,208,Low
19,55,190,High
19,57,221,Low
19,59,NA,High
19,61,109,Low
19,65,372,Low
19,67,NA,High
19,69,247,Low
19,71,94,High
19,73,373,Low
19,75,132,High
19,77,288,Low
19,79,242,High
19,81,312,Low
19,83,169,High
19,85,541,Low
19,87,180,High
19,89,153,Low
19,91,317,High
19,95,200,High
19,97,303,Low
19,99,258,High
19,101,207,Low
19,103,237,High
19,105,274,Low
19,107,298,High
19,109,181,Low
19,111,558,High
19,115,230,High
19,117,199,Low
19,119,667,High
19,121,213,Low
19,123,214,High
19,125,406,Low
19,127,269,High
19,129,580,Low
19,131,517,High
19,133,134,Low
19,135,180,High
19,137,299,Low
19,141,319,Low
19,143,383,High
19,145,131,Low
19,147,142,High
19,149,152,Low
19,151,224,High
19,153,NA,Low
19,155,403,High
19,157,145,Low
19,159,219,High
19,161,269,Low
19,163,194,High
19,165,164,Low
19,167,187,High
19,169,164,Low
19,171,207,High
19,175,151,High
19,177,429,Low
19,179,165,High
19,181,294,Low
19,183,199,High
19,185,656,Low
19,187,345,High
19,189,387,Low
19,191,339,High
19,193,256,Low
19,197,323,Low
19,199,161,High
19,201,461,Low
19,205,532,Low
19,207,261,High
19,209,185,Low
19,211,372,High
19,213,368,Low
19,215,167,High
19,217,226,Low
19,219,203,High
19,223,206,High
19,225,349,Low
19,227,256,High
19,229,230,Low
19,231,638,High
19,233,532,Low
19,235,234,High
19,237,331,Low
19,241,384,Low
19,243,257,High
19,245,146,Low
19,247,126,High
19,249,252,Low
19,251,190,High
19,253,464,Low
19,255,415,High
19,257,265,Low
19,261,265,Low
19,263,164,High
19,265,199,Low
19,267,134,High
19,269,315,Low
19,271,284,High
19,273,312,Low
19,275,102,High
19,277,338,Low
19,279,286,High
19,281,403,Low
19,285,432,Low
19,287,344,High
20,2,263,High
20,6,288,High
20,8,410,Low
20,10,197,High
20,12,160,Low
20,14,290,High
20,16,225,Low
20,18,153,High
20,20,230,Low
20,22,165,High
20,24,317,Low
20,26,372,High
20,30,201,High
20,32,216,Low
20,34,135,High
20,36,208,Low
20,38,370,High
20,40,411,Low
20,42,359,High
20,44,159,Low
20,46,218,High
20,48,325,Low
20,50,200,High
20,52,296,Low
20,54,236,High
20,56,284,Low
20,58,396,High
20,60,487,Low
20,62,175,High
20,64,427,Low
20,66,277,High
20,68,192,Low
20,70,220,High
20,72,246,Low
20,74,136,High
20,76,694,Low
20,78,293,High
20,80,426,Low
20,82,349,High
20,84,209,Low
20,86,173,High
20,88,428,Low
20,90,NA,High
20,92,308,Low
20,94,170,High
20,96,372,Low
20,98,241,High
20,100,502,Low
20,106,165,High
20,108,472,Low
20,110,351,High
20,112,198,Low
20,114,203,High
20,116,372,Low
20,120,468,Low
20,122,242,High
20,124,250,Low
20,126,187,High
20,128,243,Low
20,130,352,High
20,132,319,Low
20,134,218,High
20,140,167,Low
20,142,145,High
20,144,352,Low
20,146,187,High
20,148,467,Low
20,150,293,High
20,152,226,Low
20,154,182,High
20,156,274,Low
20,158,247,High
20,160,311,Low
20,162,316,High
20,164,348,Low
20,166,218,High
20,168,553,Low
20,170,253,High
20,172,189,Low
20,174,249,High
20,176,192,Low
20,178,211,High
20,180,717,Low
20,182,573,High
20,184,140,Low
20,186,231,High
20,188,377,Low
20,190,153,High
20,192,282,Low
20,194,494,High
20,196,411,Low
20,198,103,High
20,200,438,Low
20,202,335,High
20,204,191,Low
20,206,230,High
20,212,402,Low
20,214,214,High
20,216,312,Low
20,218,338,High
20,220,259,Low
20,222,167,High
20,224,177,Low
20,226,NA,High
20,228,241,Low
20,230,422,High
20,232,294,Low
20,234,115,High
20,236,199,Low
20,238,251,High
20,240,288,Low
20,242,572,High
20,244,NA,Low
20,248,177,Low
20,252,375,Low
20,256,350,Low
20,258,362,High
20,260,456,Low
20,262,415,High
20,264,151,Low
20,266,437,High
20,268,405,Low
20,270,198,High
20,272,150,Low
20,276,339,Low
20,278,167,High
20,280,187,Low
20,284,453,Low
20,286,262,High
21,1,182,High
21,3,297,Low
21,5,NA,High
21,7,NA,Low
21,9,NA,High
21,11,148,Low
21,13,118,High
21,15,NA,Low
21,17,196,High
21,19,NA,Low
21,21,NA,High
21,23,NA,Low
21,27,218,Low
21,29,198,High
21,31,NA,Low
21,33,NA,High
21,35,NA,Low
21,37,NA,High
21,39,NA,Low
21,41,181,High
21,43,NA,Low
21,45,NA,High
21,47,201,Low
21,49,NA,High
21,51,179,Low
21,53,211,High
21,55,NA,Low
21,57,196,High
21,61,NA,High
21,63,NA,Low
21,65,NA,High
21,69,NA,High
21,71,NA,Low
21,73,NA,High
21,75,NA,Low
21,77,138,High
21,79,NA,Low
21,83,215,Low
21,85,187,High
21,87,163,Low
21,89,214,High
21,91,145,Low
21,93,NA,High
21,95,263,Low
21,97,NA,High
21,99,149,Low
21,101,259,High
21,103,NA,Low
21,105,NA,High
21,107,NA,Low
21,109,236,High
21,111,222,Low
21,113,151,High
21,115,170,Low
21,117,NA,High
21,119,NA,Low
21,121,NA,High
21,123,142,Low
21,125,NA,High
21,127,155,Low
21,129,169,High
21,131,292,Low
21,133,NA,High
21,135,213,Low
21,137,137,High
21,139,147,Low
21,141,NA,High
21,143,255,Low
21,147,NA,Low
21,149,NA,High
21,151,NA,Low
21,153,NA,High
21,157,251,High
21,159,132,Low
21,161,NA,High
21,163,251,Low
21,165,NA,High
21,167,157,Low
21,169,NA,High
21,171,157,Low
21,173,NA,High
21,175,NA,Low
21,177,NA,High
21,179,269,Low
21,181,188,High
21,183,NA,Low
21,185,NA,High
21,187,235,Low
21,189,NA,High
21,191,NA,Low
21,195,194,Low
21,199,107,Low
21,201,NA,High
21,203,145,Low
21,205,187,High
21,207,171,Low
21,209,NA,High
21,211,NA,Low
21,213,NA,High
21,215,185,Low
21,217,NA,High
21,219,234,Low
21,221,NA,High
21,223,242,Low
21,225,NA,High
21,227,NA,Low
21,229,156,High
21,231,NA,Low
21,233,NA,High
21,237,NA,High
21,239,167,Low
21,241,NA,High
21,243,NA,Low
21,245,414,High
21,247,341,Low
21,249,NA,High
21,251,NA,Low
21,255,NA,Low
21,257,NA,High
21,259,NA,Low
21,261,198,High
21,263,NA,Low
21,265,220,High
21,267,148,Low
21,269,172,High
21,271,NA,Low
21,273,NA,High
21,275,NA,Low
21,277,NA,High
21,279,NA,Low
21,281,NA,High
21,283,182,Low
21,287,136,Low
22,2,163,Low
22,4,155,High
22,6,219,Low
22,8,457,High
22,12,366,High
22,14,161,Low
22,16,214,High
22,18,247,Low
22,24,161,High
22,26,768,Low
22,28,213,High
22,30,163,Low
22,32,316,High
22,34,429,Low
22,36,368,High
22,38,415,Low
22,42,335,Low
22,44,264,High
22,48,170,High
22,50,180,Low
22,52,295,High
22,54,157,Low
22,60,220,High
22,62,297,Low
22,68,172,High
22,76,419,High
22,78,267,Low
22,80,160,High
22,82,221,Low
22,84,324,High
22,86,231,Low
22,88,452,High
22,90,230,Low
22,94,325,Low
22,98,218,Low
22,100,222,High
22,106,195,Low
22,108,286,High
22,112,185,High
22,114,295,Low
22,116,252,High
22,118,194,Low
22,120,266,High
22,122,237,Low
22,126,307,Low
22,128,413,High
22,130,362,Low
22,132,381,High
22,134,199,Low
22,140,274,High
22,142,202,Low
22,150,304,Low
22,152,202,High
22,156,150,High
22,158,297,Low
22,162,372,Low
22,164,223,High
22,170,368,Low
22,174,154,Low
22,180,252,High
22,182,434,Low
22,184,184,High
22,188,487,High
22,190,487,Low
22,192,355,High
22,194,428,Low
22,196,233,High
22,204,287,High
22,206,205,Low
22,208,216,High
22,210,516,Low
22,212,471,High
22,214,259,Low
22,216,239,High
22,220,334,High
22,222,239,Low
22,224,274,High
22,226,483,Low
22,228,327,High
22,234,487,Low
22,236,288,High
22,238,216,Low
22,242,636,Low
22,246,701,Low
22,248,190,High
22,252,192,High
22,254,378,Low
22,256,386,High
22,258,400,Low
22,260,274,High
22,262,335,Low
22,264,221,High
22,266,194,Low
22,268,312,High
22,270,319,Low
22,272,202,High
22,280,362,High
22,282,263,Low
22,284,250,High
22,286,217,Low
22,288,292,High
23,1,344,Low
23,3,276,High
23,5,237,Low
23,7,187,High
23,9,351,Low
23,11,214,High
23,17,194,Low
23,19,364,High
23,21,246,Low
23,25,190,Low
23,27,319,High
23,29,231,Low
23,31,314,High
23,39,274,High
23,41,357,Low
23,43,348,High
23,45,249,Low
23,47,223,High
23,49,294,Low
23,51,256,High
23,53,309,Low
23,59,179,High
23,61,329,Low
23,63,253,High
23,65,248,Low
23,67,239,High
23,75,239,High
23,77,196,Low
23,79,159,High
23,83,437,High
23,89,232,Low
23,95,282,High
23,97,210,Low
23,103,221,High
23,105,242,Low
23,111,243,High
23,113,182,Low
23,115,190,High
23,119,211,High
23,121,376,Low
23,125,514,Low
23,129,306,Low
23,131,185,High
23,135,257,High
23,143,168,High
23,145,368,Low
23,149,300,Low
23,157,376,Low
23,161,220,Low
23,165,222,Low
23,167,342,High
23,175,224,High
23,177,304,Low
23,181,302,Low
23,183,392,High
23,185,202,Low
23,187,251,High
23,189,319,Low
23,191,230,High
23,199,193,High
23,201,262,Low
23,203,NA,High
23,205,261,Low
23,207,299,High
23,213,233,Low
23,215,237,High
23,217,239,Low
23,219,232,High
23,221,217,Low
23,225,354,Low
23,229,211,Low
23,231,281,High
23,233,512,Low
23,237,369,Low
23,241,262,Low
23,243,586,High
23,245,249,Low
23,247,290,High
23,251,296,High
23,253,450,Low
23,255,333,High
23,257,272,Low
23,259,235,High
23,263,266,High
23,265,345,Low
23,267,307,High
23,269,212,Low
23,271,258,High
23,273,286,Low
23,275,231,High
23,277,377,Low
23,279,234,High
23,281,195,Low
23,283,240,High
23,285,281,Low
23,287,215,High
24,2,231,High
24,4,292,Low
24,6,357,High
24,8,263,Low
24,10,195,High
24,12,368,Low
24,14,581,High
24,16,268,Low
24,18,205,High
24,20,188,Low
24,22,262,High
24,24,286,Low
24,26,420,High
24,28,152,Low
24,30,221,High
24,32,286,Low
24,34,124,High
24,36,281,Low
24,38,364,High
24,40,223,Low
24,44,164,Low
24,46,211,High
24,48,295,Low
24,50,270,High
24,52,187,Low
24,54,249,High
24,56,184,Low
24,60,249,Low
24,62,NA,High
24,64,243,Low
24,66,193,High
24,68,253,Low
24,70,171,High
24,72,218,Low
24,74,427,High
24,76,245,Low
24,78,210,High
24,80,241,Low
24,82,353,High
24,84,285,Low
24,86,219,High
24,88,363,Low
24,90,210,High
24,92,327,Low
24,94,193,High
24,96,187,Low
24,98,203,High
24,100,280,Low
24,102,241,High
24,104,210,Low
24,106,181,High
24,108,361,Low
24,110,248,High
24,112,385,Low
24,114,173,High
24,116,213,Low
24,118,150,High
24,120,268,Low
24,122,335,High
24,124,262,Low
24,126,286,High
24,128,282,Low
24,134,277,High
24,136,197,Low
24,138,167,High
24,140,263,Low
24,142,454,High
24,144,251,Low
24,146,174,High
24,148,269,Low
24,150,224,High
24,152,431,Low
24,154,161,High
24,156,206,Low
24,158,170,High
24,160,188,Low
24,164,220,Low
24,166,191,High
24,168,166,Low
24,172,267,Low
24,174,300,High
24,176,323,Low
24,178,NA,High
24,180,367,Low
24,182,184,High
24,184,253,Low
24,186,434,High
24,188,205,Low
24,190,187,High
24,192,269,Low
24,194,338,High
24,196,186,Low
24,198,228,High
24,200,NA,Low
24,202,237,High
24,204,177,Low
24,206,454,High
24,208,200,Low
24,210,528,High
24,212,505,Low
24,214,200,High
24,216,195,Low
24,218,179,High
24,220,227,Low
24,222,NA,High
24,224,270,Low
24,226,225,High
24,228,265,Low
24,230,232,High
24,232,207,Low
24,234,167,High
24,236,335,Low
24,238,426,High
24,240,188,Low
24,242,272,High
24,244,230,Low
24,246,218,High
24,248,281,Low
24,250,281,High
24,252,330,Low
24,254,167,High
24,256,270,Low
24,260,286,Low
24,262,258,High
24,264,297,Low
24,266,357,High
24,268,170,Low
24,270,340,High
24,272,473,Low
24,274,320,High
24,278,206,High
24,280,232,Low
24,282,220,High
24,284,371,Low
24,286,321,High
24,288,231,Low
25,1,186,High
25,3,278,Low
25,9,NA,High
25,11,281,Low
25,13,216,High
25,15,NA,Low
25,17,215,High
25,19,NA,Low
25,23,172,Low
25,25,184,High
25,27,320,Low
25,29,NA,High
25,31,NA,Low
25,33,181,High
25,35,217,Low
25,37,167,High
25,39,191,Low
25,41,NA,High
25,43,156,Low
25,45,194,High
25,47,179,Low
25,49,257,High
25,51,NA,Low
25,53,NA,High
25,55,289,Low
25,59,220,Low
25,61,NA,High
25,63,212,Low
25,65,189,High
25,67,NA,Low
25,71,332,Low
25,73,223,High
25,77,159,High
25,81,210,High
25,83,157,Low
25,85,NA,High
25,87,371,Low
25,89,126,High
25,91,237,Low
25,93,186,High
25,95,255,Low
25,97,NA,High
25,99,243,Low
25,101,243,High
25,103,233,Low
25,105,181,High
25,107,183,Low
25,109,190,High
25,113,198,High
25,117,238,High
25,119,282,Low
25,121,NA,High
25,123,243,Low
25,129,189,High
25,131,NA,Low
25,133,258,High
25,135,162,Low
25,137,295,High
25,139,255,Low
25,141,157,High
25,143,245,Low
25,145,233,High
25,147,462,Low
25,151,428,Low
25,153,NA,High
25,155,250,Low
25,157,295,High
25,159,530,Low
25,161,184,High
25,163,190,Low
25,165,NA,High
25,167,131,Low
25,169,NA,High
25,171,NA,Low
25,173,490,High
25,175,NA,Low
25,177,149,High
25,179,NA,Low
25,181,173,High
25,183,225,Low
25,185,201,High
25,187,484,Low
25,189,291,High
25,191,NA,Low
25,193,196,High
25,197,105,High
25,203,360,Low
25,205,265,High
25,209,220,High
25,213,NA,High
25,215,116,Low
25,217,234,High
25,219,192,Low
25,221,179,High
25,223,372,Low
25,225,134,High
25,227,NA,Low
25,229,205,High
25,233,251,High
25,235,213,Low
25,237,192,High
25,239,NA,Low
25,243,106,Low
25,245,NA,High
25,249,190,High
25,251,185,Low
25,255,245,Low
25,257,188,High
25,259,221,Low
25,261,283,High
25,263,224,Low
25,265,73,High
25,267,145,Low
25,269,190,High
25,271,NA,Low
25,273,281,High
25,275,195,Low
25,277,178,High
25,279,NA,Low
25,281,252,High
25,283,151,Low
25,285,152,High
25,287,434,Low
26,2,NA,Low
26,4,228,High
26,6,125,Low
26,8,NA,High
26,10,NA,Low
26,12,NA,High
26,14,338,Low
26,16,NA,High
26,18,210,Low
26,20,NA,High
26,22,329,Low
26,24,NA,High
26,26,164,Low
26,28,225,High
26,30,202,Low
26,32,NA,High
26,34,NA,Low
26,36,128,High
26,38,NA,Low
26,40,240,High
26,42,NA,Low
26,46,NA,Low
26,48,250,High
26,50,186,Low
26,54,NA,Low
26,56,292,High
26,58,178,Low
26,60,219,High
26,64,176,High
26,66,NA,Low
26,68,131,High
26,70,159,Low
26,72,171,High
26,74,229,Low
26,76,198,High
26,78,267,Low
26,82,188,Low
26,84,145,High
26,86,201,Low
26,88,193,High
26,90,174,Low
26,92,151,High
26,94,150,Low
26,96,190,High
26,98,412,Low
26,100,183,High
26,104,195,High
26,106,170,Low
26,108,443,High
26,110,151,Low
26,112,273,High
26,114,NA,Low
26,116,236,High
26,118,300,Low
26,120,148,High
26,122,NA,Low
26,124,NA,High
26,126,150,Low
26,130,189,Low
26,132,184,High
26,134,165,Low
26,136,136,High
26,138,NA,Low
26,140,NA,High
26,142,209,Low
26,144,298,High
26,146,231,Low
26,148,218,High
26,150,NA,Low
26,152,177,High
26,154,171,Low
26,156,180,High
26,158,177,Low
26,160,252,High
26,162,191,Low
26,164,NA,High
26,166,NA,Low
26,170,NA,Low
26,172,170,High
26,174,NA,Low
26,176,142,High
26,178,NA,Low
26,180,178,High
26,186,NA,Low
26,188,NA,High
26,190,NA,Low
26,192,NA,High
26,198,167,Low
26,200,NA,High
26,202,NA,Low
26,206,NA,Low
26,208,NA,High
26,210,141,Low
26,212,199,High
26,214,228,Low
26,216,150,High
26,218,NA,Low
26,220,NA,High
26,222,NA,Low
26,224,170,High
26,226,NA,Low
26,228,NA,High
26,230,195,Low
26,234,152,Low
26,236,NA,High
26,238,NA,Low
26,240,151,High
26,242,NA,Low
26,244,172,High
26,246,245,Low
26,248,236,High
26,250,NA,Low
26,252,286,High
26,254,152,Low
26,256,191,High
26,260,NA,High
26,262,NA,Low
26,264,NA,High
26,266,NA,Low
26,268,220,High
26,270,209,Low
26,272,214,High
26,274,530,Low
26,276,NA,High
26,278,225,Low
26,280,NA,High
26,282,NA,Low
26,284,NA,High
26,286,198,Low
26,288,252,High
27,1,NA,Low
27,5,212,Low
27,7,187,High
27,9,484,Low
27,13,275,Low
27,19,290,High
27,21,223,Low
27,23,214,High
27,31,208,High
27,33,254,Low
27,35,290,High
27,37,346,Low
27,41,329,Low
27,43,338,High
27,45,341,Low
27,47,224,High
27,51,442,High
27,53,272,Low
27,61,NA,Low
27,63,271,High
27,65,202,Low
27,67,416,High
27,69,482,Low
27,71,212,High
27,73,338,Low
27,75,196,High
27,77,184,Low
27,79,320,High
27,81,267,Low
27,85,365,Low
27,87,183,High
27,91,630,High
27,95,183,High
27,97,361,Low
27,99,141,High
27,101,199,Low
27,103,231,High
27,105,202,Low
27,107,216,High
27,109,308,Low
27,111,156,High
27,113,249,Low
27,117,236,Low
27,119,436,High
27,121,289,Low
27,125,337,Low
27,127,NA,High
27,129,219,Low
27,131,248,High
27,133,NA,Low
27,135,NA,High
27,139,165,High
27,141,231,Low
27,143,220,High
27,145,228,Low
27,147,290,High
27,149,523,Low
27,155,287,High
27,157,448,Low
27,159,319,High
27,161,549,Low
27,163,335,High
27,165,304,Low
27,169,592,Low
27,171,211,High
27,173,272,Low
27,175,261,High
27,181,215,Low
27,183,222,High
27,185,374,Low
27,187,263,High
27,189,287,Low
27,191,NA,High
27,193,85,Low
27,195,204,High
27,201,318,Low
27,203,199,High
27,205,471,Low
27,207,277,High
27,209,274,Low
27,213,479,Low
27,215,459,High
27,217,329,Low
27,219,304,High
27,221,170,Low
27,223,278,High
27,227,315,High
27,229,189,Low
27,231,555,High
27,233,245,Low
27,235,192,High
27,239,231,High
27,243,224,High
27,245,243,Low
27,247,306,High
27,249,248,Low
27,251,248,High
27,253,244,Low
27,255,181,High
27,259,395,High
27,261,300,Low
27,263,210,High
27,265,341,Low
27,267,224,High
27,269,307,Low
27,273,NA,Low
27,275,485,High
27,277,299,Low
27,279,240,High
27,281,416,Low
27,285,566,Low
27,287,192,High
28,2,NA,High
28,4,259,Low
28,6,198,High
28,8,359,Low
28,10,209,High
28,12,207,Low
28,14,168,High
28,16,205,Low
28,18,266,High
28,20,506,Low
28,22,181,High
28,24,200,Low
28,26,226,High
28,28,189,Low
28,30,182,High
28,32,166,Low
28,34,175,High
28,36,249,Low
28,38,193,High
28,40,277,Low
28,42,258,High
28,44,177,Low
28,46,236,High
28,48,358,Low
28,50,227,High
28,52,191,Low
28,56,369,Low
28,58,317,High
28,60,217,Low
28,62,168,High
28,64,256,Low
28,66,251,High
28,68,357,Low
28,70,186,High
28,72,365,Low
28,74,241,High
28,76,410,Low
28,80,202,Low
28,82,178,High
28,86,235,High
28,88,146,Low
28,90,206,High
28,92,234,Low
28,94,187,High
28,98,372,High
28,100,229,Low
28,102,180,High
28,104,237,Low
28,106,224,High
28,108,656,Low
28,110,205,High
28,112,181,Low
28,114,225,High
28,118,240,High
28,120,199,Low
28,122,223,High
28,124,245,Low
28,126,229,High
28,128,168,Low
28,130,193,High
28,132,232,Low
28,134,432,High
28,136,174,Low
28,138,163,High
28,140,383,Low
28,142,173,High
28,144,276,Low
28,146,181,High
28,148,255,Low
28,150,233,High
28,152,283,Low
28,154,NA,High
28,156,174,Low
28,160,612,Low
28,162,195,High
28,164,284,Low
28,166,258,High
28,170,437,High
28,172,408,Low
28,174,255,High
28,176,233,Low
28,178,176,High
28,180,345,Low
28,182,236,High
28,184,212,Low
28,186,173,High
28,190,478,High
28,192,324,Low
28,194,570,High
28,196,195,Low
28,198,272,High
28,200,311,Low
28,202,230,High
28,204,215,Low
28,208,249,Low
28,210,302,High
28,212,218,Low
28,216,225,Low
28,218,384,High
28,220,532,Low
28,222,169,High
28,224,149,Low
28,226,181,High
28,230,187,High
28,232,263,Low
28,234,173,High
28,236,238,Low
28,238,247,High
28,240,413,Low
28,242,531,High
28,244,228,Low
28,248,162,Low
28,252,280,Low
28,254,209,High
28,256,228,Low
28,258,217,High
28,260,287,Low
28,262,472,High
28,264,294,Low
28,266,251,High
28,268,365,Low
28,270,367,High
28,272,194,Low
28,274,212,High
28,276,280,Low
28,278,215,High
28,284,366,Low
28,288,242,Low
29,1,234,High
29,3,251,Low
29,5,161,High
29,7,255,Low
29,9,NA,High
29,11,175,Low
29,13,NA,High
29,15,NA,Low
29,17,285,High
29,19,NA,Low
29,21,231,High
29,23,174,Low
29,25,NA,High
29,27,143,Low
29,29,454,High
29,31,200,Low
29,33,170,High
29,35,180,Low
29,37,296,High
29,39,NA,Low
29,43,NA,Low
29,45,154,High
29,47,411,Low
29,49,168,High
29,51,264,Low
29,53,199,High
29,57,NA,High
29,59,164,Low
29,61,409,High
29,63,472,Low
29,65,159,High
29,69,166,High
29,71,254,Low
29,73,203,High
29,75,263,Low
29,79,245,Low
29,81,137,High
29,83,167,Low
29,85,209,High
29,87,236,Low
29,89,202,High
29,91,391,Low
29,93,306,High
29,95,210,Low
29,97,167,High
29,99,238,Low
29,103,263,Low
29,105,147,High
29,107,194,Low
29,109,223,High
29,111,228,Low
29,113,305,High
29,115,222,Low
29,119,182,Low
29,123,500,Low
29,125,277,High
29,127,228,Low
29,129,265,High
29,131,NA,Low
29,133,176,High
29,135,242,Low
29,137,182,High
29,139,250,Low
29,141,230,High
29,145,NA,High
29,147,456,Low
29,149,170,High
29,151,158,Low
29,153,193,High
29,157,175,High
29,159,223,Low
29,161,169,High
29,165,268,High
29,173,347,High
29,175,487,Low
29,177,NA,High
29,179,NA,Low
29,181,461,High
29,185,218,High
29,187,538,Low
29,189,235,High
29,191,362,Low
29,193,230,High
29,195,207,Low
29,197,237,High
29,199,225,Low
29,201,183,High
29,203,169,Low
29,205,191,High
29,207,193,Low
29,209,266,High
29,211,216,Low
29,213,240,High
29,215,262,Low
29,217,207,High
29,219,442,Low
29,221,165,High
29,223,317,Low
29,225,194,High
29,227,282,Low
29,231,231,Low
29,233,NA,High
29,235,238,Low
29,237,362,High
29,239,263,Low
29,241,244,High
29,243,59,Low
29,245,186,High
29,247,391,Low
29,249,196,High
29,251,281,Low
29,253,298,High
29,255,387,Low
29,257,176,High
29,259,196,Low
29,261,259,High
29,263,217,Low
29,267,153,Low
29,269,186,High
29,271,176,Low
29,273,188,High
29,275,200,Low
29,277,207,High
29,279,210,Low
29,283,259,Low
29,285,188,High
29,287,360,Low
30,2,393,Low
30,6,238,Low
30,8,NA,High
30,10,321,Low
30,12,64,High
30,14,NA,Low
30,16,177,High
30,18,NA,Low
30,20,208,High
30,22,205,Low
30,24,168,High
30,26,NA,Low
30,28,326,High
30,30,NA,Low
30,32,176,High
30,34,276,Low
30,36,56,High
30,38,407,Low
30,40,346,High
30,42,330,Low
30,44,NA,High
30,46,322,Low
30,48,188,High
30,50,222,Low
30,52,551,High
30,54,572,Low
30,56,163,High
30,58,303,Low
30,60,278,High
30,62,567,Low
30,64,196,High
30,66,283,Low
30,68,287,High
30,70,NA,Low
30,72,317,High
30,74,209,Low
30,76,368,High
30,78,378,Low
30,80,174,High
30,82,273,Low
30,86,84,Low
30,88,263,High
30,90,396,Low
30,92,375,High
30,94,713,Low
30,96,237,High
30,98,506,Low
30,100,179,High
30,102,231,Low
30,104,112,High
30,106,319,Low
30,108,92,High
30,110,438,Low
30,112,298,High
30,114,321,Low
30,116,487,High
30,118,234,Low
30,120,234,High
30,122,203,Low
30,124,165,High
30,126,340,Low
30,128,203,High
30,130,193,Low
30,132,191,High
30,134,162,Low
30,136,206,High
30,138,189,Low
30,140,221,High
30,142,748,Low
30,144,454,High
30,146,484,Low
30,148,393,High
30,150,180,Low
30,152,158,High
30,154,187,Low
30,156,230,High
30,158,215,Low
30,160,190,High
30,162,249,Low
30,164,295,High
30,166,188,Low
30,168,163,High
30,170,429,Low
30,174,233,Low
30,176,247,High
30,178,262,Low
30,180,153,High
30,182,481,Low
30,184,309,High
30,186,260,Low
30,188,221,High
30,190,409,Low
30,194,199,Low
30,196,277,High
30,198,206,Low
30,200,158,High
30,202,233,Low
30,204,229,High
30,206,278,Low
30,210,185,Low
30,212,322,High
30,214,296,Low
30,216,178,High
30,220,282,High
30,222,355,Low
30,224,225,High
30,226,255,Low
30,228,296,High
30,230,189,Low
30,232,308,High
30,234,126,Low
30,236,432,High
30,238,194,Low
30,240,229,High
30,242,281,Low
30,244,87,High
30,246,118,Low
30,248,306,High
30,252,186,High
30,254,244,Low
30,256,232,High
30,258,393,Low
30,260,226,High
30,262,401,Low
30,264,354,High
30,266,NA,Low
30,268,205,High
30,270,202,Low
30,272,273,High
30,274,479,Low
30,278,411,Low
30,280,NA,High
30,282,257,Low
30,284,310,High
30,286,446,Low
30,288,435,High
31,1,283,Low
31,3,233,High
31,5,330,Low
31,7,162,High
31,9,193,Low
31,11,221,High
31,13,275,Low
31,15,185,High
31,17,451,Low
31,19,236,High
31,23,371,High
31,25,555,Low
31,27,512,High
31,29,231,Low
31,31,250,High
31,33,448,Low
31,35,317,High
31,37,636,Low
31,39,381,High
31,41,335,Low
31,43,187,High
31,45,287,Low
31,47,391,High
31,49,414,Low
31,53,650,Low
31,55,199,High
31,57,553,Low
31,59,244,High
31,61,308,Low
31,63,178,High
31,65,520,Low
31,67,359,High
31,69,457,Low
31,71,172,High
31,73,221,Low
31,75,441,High
31,77,481,Low
31,79,306,High
31,81,402,Low
31,83,205,High
31,85,NA,Low
31,87,428,High
31,89,383,Low
31,91,476,High
31,93,632,Low
31,95,370,High
31,97,383,Low
31,99,411,High
31,101,520,Low
31,103,401,High
31,105,616,Low
31,107,252,High
31,109,494,Low
31,113,508,Low
31,115,302,High
31,117,450,Low
31,119,415,High
31,121,230,Low
31,123,341,High
31,125,432,Low
31,127,183,High
31,129,259,Low
31,131,220,High
31,133,376,Low
31,135,390,High
31,137,124,Low
31,139,371,High
31,141,254,Low
31,143,225,High
31,145,539,Low
31,147,366,High
31,149,191,Low
31,151,232,High
31,153,460,Low
31,155,212,High
31,157,216,Low
31,159,553,High
31,161,216,Low
31,163,389,High
31,165,571,Low
31,167,383,High
31,169,463,Low
31,171,247,High
31,173,231,Low
31,175,220,High
31,177,354,Low
31,179,228,High
31,181,298,Low
31,183,338,High
31,185,201,Low
31,187,282,High
31,189,460,Low
31,193,357,Low
31,195,441,High
31,199,252,High
31,201,237,Low
31,203,206,High
31,205,225,Low
31,207,381,High
31,211,271,High
31,213,274,Low
31,215,217,High
31,217,613,Low
31,219,336,High
31,221,NA,Low
31,223,413,High
31,225,213,Low
31,227,248,High
31,229,351,Low
31,231,262,High
31,233,211,Low
31,235,316,High
31,237,258,Low
31,239,215,High
31,241,398,Low
31,243,296,High
31,245,308,Low
31,247,410,High
31,249,302,Low
31,251,406,High
31,253,232,Low
31,255,411,High
31,257,338,Low
31,259,422,High
31,261,212,Low
31,263,212,High
31,265,322,Low
31,267,151,High
31,269,403,Low
31,271,280,High
31,275,424,High
31,277,209,Low
31,279,266,High
31,281,307,Low
31,283,189,High
31,285,265,Low
31,287,531,High
32,2,NA,High
32,4,161,Low
32,6,NA,High
32,8,NA,Low
32,12,NA,Low
32,14,193,High
32,16,NA,Low
32,18,227,High
32,20,NA,Low
32,22,NA,High
32,24,NA,Low
32,28,219,Low
32,30,160,High
32,32,159,Low
32,36,203,Low
32,38,NA,High
32,40,NA,Low
32,42,237,High
32,44,200,Low
32,46,195,High
32,50,187,High
32,52,202,Low
32,54,206,High
32,56,222,Low
32,58,251,High
32,60,NA,Low
32,62,NA,High
32,64,184,Low
32,66,182,High
32,68,NA,Low
32,70,167,High
32,72,NA,Low
32,74,NA,High
32,76,223,Low
32,78,165,High
32,80,179,Low
32,82,186,High
32,84,215,Low
32,86,NA,High
32,88,408,Low
32,90,NA,High
32,92,242,Low
32,94,NA,High
32,98,184,High
32,100,221,Low
32,102,NA,High
32,104,196,Low
32,106,NA,High
32,110,206,High
32,112,245,Low
32,118,NA,High
32,120,289,Low
32,122,231,High
32,124,174,Low
32,126,123,High
32,128,279,Low
32,130,NA,High
32,132,146,Low
32,134,177,High
32,136,NA,Low
32,138,201,High
32,140,345,Low
32,142,190,High
32,144,NA,Low
32,148,332,Low
32,150,152,High
32,152,NA,Low
32,156,168,Low
32,158,235,High
32,160,333,Low
32,162,NA,High
32,164,182,Low
32,166,NA,High
32,170,190,High
32,172,269,Low
32,174,NA,High
32,176,NA,Low
32,178,222,High
32,180,349,Low
32,184,214,Low
32,188,181,Low
32,190,NA,High
32,192,252,Low
32,194,187,High
32,196,137,Low
32,198,NA,High
32,200,283,Low
32,202,232,High
32,206,NA,High
32,208,169,Low
32,210,184,High
32,212,185,Low
32,214,218,High
32,216,NA,Low
32,218,173,High
32,220,253,Low
32,228,241,Low
32,230,202,High
32,232,189,Low
32,236,344,Low
32,238,181,High
32,240,398,Low
32,242,170,High
32,244,177,Low
32,246,NA,High
32,248,228,Low
32,250,204,High
32,252,368,Low
32,254,NA,High
32,256,NA,Low
32,258,164,High
32,260,NA,Low
32,262,219,High
32,264,196,Low
32,266,184,High
32,270,196,High
32,272,NA,Low
32,274,232,High
32,276,184,Low
32,278,NA,High
32,280,257,Low
32,282,185,High
32,284,NA,Low
32,286,177,High
32,288,217,Low
33,1,402,High
33,3,513,Low
33,5,171,High
33,7,217,Low
33,9,217,High
33,11,240,Low
33,13,168,High
33,15,378,Low
33,17,184,High
33,21,197,High
33,23,148,Low
33,25,291,High
33,27,168,Low
33,29,162,High
33,31,315,Low
33,33,196,High
33,35,264,Low
33,37,205,High
33,39,229,Low
33,41,179,High
33,43,291,Low
33,45,338,High
33,47,346,Low
33,49,179,High
33,51,322,Low
33,53,240,High
33,55,370,Low
33,57,190,High
33,59,138,Low
33,61,150,High
33,63,275,Low
33,65,297,High
33,67,530,Low
33,69,251,High
33,73,163,High
33,75,406,Low
33,77,198,High
33,81,299,High
33,83,137,Low
33,85,183,High
33,87,232,Low
33,91,325,Low
33,93,526,High
33,95,342,Low
33,97,317,High
33,99,185,Low
33,103,251,Low
33,105,258,High
33,107,272,Low
33,109,177,High
33,111,325,Low
33,113,503,High
33,115,145,Low
33,117,290,High
33,119,614,Low
33,121,248,High
33,123,156,Low
33,125,172,High
33,127,345,Low
33,129,198,High
33,133,237,High
33,135,200,Low
33,137,350,High
33,139,197,Low
33,141,385,High
33,143,229,Low
33,145,167,High
33,147,367,Low
33,149,272,High
33,151,284,Low
33,153,206,High
33,155,364,Low
33,157,313,High
33,159,205,Low
33,161,205,High
33,163,360,Low
33,165,215,High
33,167,183,Low
33,169,295,High
33,171,281,Low
33,173,269,High
33,175,383,Low
33,177,189,High
33,179,359,Low
33,181,254,High
33,183,258,Low
33,185,358,High
33,187,370,Low
33,189,316,High
33,191,282,Low
33,193,241,High
33,195,200,Low
33,197,211,High
33,201,348,High
33,203,238,Low
33,205,508,High
33,207,350,Low
33,209,219,High
33,211,201,Low
33,213,201,High
33,215,191,Low
33,217,286,High
33,219,235,Low
33,221,358,High
33,223,257,Low
33,227,307,Low
33,229,187,High
33,231,247,Low
33,233,440,High
33,235,271,Low
33,237,422,High
33,239,323,Low
33,241,303,High
33,243,253,Low
33,245,162,High
33,247,194,Low
33,249,219,High
33,251,295,Low
33,253,391,High
33,255,326,Low
33,257,154,High
33,259,225,Low
33,261,198,High
33,263,315,Low
33,265,329,High
33,267,239,Low
33,269,310,High
33,271,627,Low
33,273,474,High
33,275,373,Low
33,279,243,Low
33,281,199,High
33,283,288,Low
33,285,85,High
33,287,532,Low
34,2,263,Low
34,4,NA,High
34,6,253,Low
34,8,NA,High
34,10,NA,Low
34,16,118,High
34,18,248,Low
34,20,237,High
34,22,NA,Low
34,24,NA,High
34,28,274,High
34,30,173,Low
34,32,290,High
34,34,NA,Low
34,36,232,High
34,38,149,Low
34,42,200,Low
34,44,133,High
34,46,171,Low
34,48,195,High
34,50,459,Low
34,52,250,High
34,54,338,Low
34,56,NA,High
34,58,240,Low
34,60,154,High
34,62,166,Low
34,64,193,High
34,66,267,Low
34,68,304,High
34,70,359,Low
34,72,251,High
34,76,241,High
34,78,NA,Low
34,80,225,High
34,84,104,High
34,86,225,Low
34,88,280,High
34,90,308,Low
34,92,249,High
34,94,326,Low
34,96,343,High
34,98,243,Low
34,100,164,High
34,102,248,Low
34,104,552,High
34,106,195,Low
34,108,249,High
34,112,315,High
34,114,274,Low
34,118,444,Low
34,120,267,High
34,122,413,Low
34,124,153,High
34,126,362,Low
34,132,732,High
34,134,154,Low
34,136,179,High
34,138,444,Low
34,140,144,High
34,142,379,Low
34,144,352,High
34,146,383,Low
34,148,196,High
34,150,248,Low
34,154,175,Low
34,156,NA,High
34,158,278,Low
34,160,274,High
34,164,129,High
34,166,214,Low
34,168,206,High
34,170,NA,Low
34,172,260,High
34,174,350,Low
34,176,235,High
34,178,211,Low
34,180,NA,High
34,184,268,High
34,186,248,Low
34,190,NA,Low
34,194,219,Low
34,196,165,High
34,198,NA,Low
34,200,377,High
34,202,334,Low
34,206,306,Low
34,208,180,High
34,210,190,Low
34,212,248,High
34,214,NA,Low
34,216,319,High
34,218,428,Low
34,220,326,High
34,222,294,Low
34,224,200,High
34,230,149,Low
34,234,278,Low
34,236,NA,High
34,238,199,Low
34,242,301,Low
34,244,272,High
34,246,241,Low
34,250,201,Low
34,252,430,High
34,254,268,Low
34,258,210,Low
34,260,302,High
34,262,297,Low
34,264,NA,High
34,266,339,Low
34,270,346,Low
34,272,260,High
34,274,211,Low
34,276,217,High
34,282,177,Low
34,284,330,High
34,288,202,High
35,1,469,Low
35,3,165,High
35,5,195,Low
35,7,150,High
35,9,389,Low
35,11,NA,High
35,17,257,Low
35,19,178,High
35,21,188,Low
35,23,192,High
35,25,600,Low
35,27,245,High
35,29,154,Low
35,31,309,High
35,33,249,Low
35,35,227,High
35,37,217,Low
35,39,206,High
35,43,287,High
35,45,299,Low
35,49,201,Low
35,51,179,High
35,55,399,High
35,57,232,Low
35,59,346,High
35,61,316,Low
35,63,208,High
35,65,384,Low
35,69,208,Low
35,71,181,High
35,73,398,Low
35,75,157,High
35,77,224,Low
35,79,745,High
35,81,204,Low
35,83,295,High
35,85,693,Low
35,87,185,High
35,89,200,Low
35,91,219,High
35,95,212,High
35,97,665,Low
35,99,176,High
35,101,218,Low
35,103,255,High
35,105,351,Low
35,107,228,High
35,109,426,Low
35,113,177,Low
35,115,466,High
35,117,222,Low
35,119,401,High
35,121,653,Low
35,123,256,High
35,127,140,High
35,129,306,Low
35,131,207,High
35,135,227,High
35,137,183,Low
35,139,378,High
35,141,231,Low
35,143,319,High
35,145,322,Low
35,147,180,High
35,149,428,Low
35,151,366,High
35,153,163,Low
35,155,208,High
35,157,568,Low
35,159,252,High
35,161,327,Low
35,163,319,High
35,165,161,Low
35,167,163,High
35,169,418,Low
35,171,156,High
35,175,251,High
35,177,152,Low
35,179,148,High
35,181,395,Low
35,183,623,High
35,185,601,Low
35,187,165,High
35,189,181,Low
35,191,175,High
35,193,319,Low
35,195,195,High
35,197,256,Low
35,199,167,High
35,201,483,Low
35,203,211,High
35,205,475,Low
35,207,305,High
35,209,163,Low
35,211,197,High
35,213,461,Low
35,215,450,High
35,219,238,High
35,221,245,Low
35,223,272,High
35,225,322,Low
35,227,268,High
35,229,195,Low
35,231,284,High
35,235,184,High
35,237,270,Low
35,239,202,High
35,241,229,Low
35,243,212,High
35,247,186,High
35,249,223,Low
35,251,237,High
35,253,211,Low
35,255,214,High
35,259,204,High
35,261,134,Low
35,263,231,High
35,265,205,Low
35,267,167,High
35,271,329,High
35,275,403,High
35,277,232,Low
35,279,217,High
35,283,327,High
35,285,264,Low
35,287,411,High
36,2,NA,High
36,4,124,Low
36,6,284,High
36,8,247,Low
36,10,216,High
36,12,237,Low
36,14,128,High
36,16,241,Low
36,18,191,High
36,20,391,Low
36,22,230,High
36,24,142,Low
36,26,183,High
36,28,252,Low
36,30,181,High
36,32,308,Low
36,34,169,High
36,36,168,Low
36,38,171,High
36,40,260,Low
36,42,39,High
36,44,209,Low
36,46,221,High
36,48,193,Low
36,50,179,High
36,52,163,Low
36,54,213,High
36,56,196,Low
36,58,209,High
36,60,256,Low
36,62,135,High
36,64,323,Low
36,66,231,High
36,68,321,Low
36,70,261,High
36,72,173,Low
36,74,192,High
36,76,307,Low
36,78,105,High
36,80,198,Low
36,82,185,High
36,84,249,Low
36,86,205,High
36,88,198,Low
36,92,268,Low
36,94,147,High
36,96,197,Low
36,98,198,High
36,102,225,High
36,104,257,Low
36,106,179,High
36,108,376,Low
36,110,160,High
36,112,321,Low
36,114,179,High
36,116,217,Low
36,118,124,High
36,120,221,Low
36,122,242,High
36,124,348,Low
36,126,165,High
36,128,214,Low
36,130,361,High
36,132,161,Low
36,134,177,High
36,136,333,Low
36,138,459,High
36,140,187,Low
36,142,211,High
36,144,220,Low
36,146,186,High
36,148,195,Low
36,150,178,High
36,152,294,Low
36,154,197,High
36,156,267,Low
36,158,210,High
36,160,342,Low
36,162,200,High
36,164,279,Low
36,166,159,High
36,168,333,Low
36,170,208,High
36,172,223,Low
36,174,198,High
36,176,181,Low
36,178,245,High
36,180,159,Low
36,182,201,High
36,186,218,High
36,188,272,Low
36,190,211,High
36,192,241,Low
36,194,383,High
36,196,289,Low
36,198,161,High
36,200,327,Low
36,202,128,High
36,204,196,Low
36,206,211,High
36,208,188,Low
36,210,355,High
36,212,291,Low
36,214,244,High
36,216,199,Low
36,218,333,High
36,220,222,Low
36,224,220,Low
36,226,204,High
36,228,215,Low
36,230,208,High
36,232,222,Low
36,236,425,Low
36,238,197,High
36,240,208,Low
36,242,209,High
36,244,413,Low
36,246,215,High
36,248,155,Low
36,250,300,High
36,252,207,Low
36,254,122,High
36,258,218,High
36,260,169,Low
36,262,244,High
36,264,113,Low
36,266,237,High
36,270,303,High
36,272,193,Low
36,274,210,High
36,276,300,Low
36,278,232,High
36,280,333,Low
36,282,187,High
36,284,206,Low
36,286,204,High
36,288,196,Low
37,1,145,High
37,3,339,Low
37,5,237,High
37,7,211,Low
37,9,199,High
37,13,185,High
37,15,235,Low
37,17,318,High
37,19,508,Low
37,21,183,High
37,25,150,High
37,27,265,Low
37,29,419,High
37,31,331,Low
37,33,295,High
37,35,399,Low
37,37,342,High
37,39,231,Low
37,41,237,High
37,43,123,Low
37,45,176,High
37,47,324,Low
37,49,136,High
37,51,411,Low
37,53,438,High
37,55,582,Low
37,57,239,High
37,59,166,Low
37,61,321,High
37,63,609,Low
37,65,199,High
37,69,186,High
37,71,281,Low
37,73,446,High
37,75,237,Low
37,79,283,Low
37,81,189,High
37,83,216,Low
37,85,365,High
37,87,331,Low
37,89,282,High
37,91,254,Low
37,93,138,High
37,95,329,Low
37,99,203,Low
37,101,259,High
37,103,183,Low
37,105,230,High
37,107,354,Low
37,109,371,High
37,111,215,Low
37,113,145,High
37,115,430,Low
37,119,522,Low
37,121,257,High
37,123,361,Low
37,125,253,High
37,127,183,Low
37,129,341,High
37,131,154,Low
37,133,232,High
37,135,682,Low
37,137,252,High
37,139,291,Low
37,141,228,High
37,143,414,Low
37,145,216,High
37,149,204,High
37,153,149,High
37,157,395,High
37,159,246,Low
37,161,274,High
37,163,433,Low
37,165,219,High
37,171,350,Low
37,173,278,High
37,175,416,Low
37,177,374,High
37,181,212,High
37,183,292,Low
37,185,295,High
37,187,NA,Low
37,189,435,High
37,191,106,Low
37,193,225,High
37,195,272,Low
37,197,206,High
37,199,458,Low
37,201,361,High
37,203,178,Low
37,207,246,Low
37,209,115,High
37,211,381,Low
37,213,262,High
37,217,435,High
37,219,271,Low
37,221,224,High
37,223,168,Low
37,225,287,High
37,227,279,Low
37,229,650,High
37,231,308,Low
37,233,112,High
37,235,303,Low
37,237,359,High
37,239,241,Low
37,241,549,High
37,243,350,Low
37,245,245,High
37,247,203,Low
37,249,303,High
37,253,243,High
37,255,281,Low
37,257,212,High
37,259,219,Low
37,261,118,High
37,263,479,Low
37,265,367,High
37,267,201,Low
37,269,326,High
37,271,179,Low
37,273,359,High
37,277,373,High
37,281,126,High
37,283,203,Low
37,285,343,High
37,287,206,Low
38,2,237,Low
38,4,334,High
38,6,453,Low
38,8,335,High
38,10,414,Low
38,14,308,Low
38,16,471,High
38,18,246,Low
38,20,296,High
38,22,566,Low
38,24,258,High
38,26,333,Low
38,28,241,High
38,30,164,Low
38,32,142,High
38,34,217,Low
38,36,346,High
38,38,332,Low
38,40,256,High
38,42,303,Low
38,44,308,High
38,46,241,Low
38,48,224,High
38,50,534,Low
38,52,373,High
38,54,445,Low
38,56,208,High
38,58,410,Low
38,60,585,High
38,62,348,Low
38,64,370,High
38,66,439,Low
38,68,169,High
38,70,318,Low
38,72,306,High
38,74,381,Low
38,76,337,High
38,78,542,Low
38,80,261,High
38,82,406,Low
38,84,349,High
38,86,305,Low
38,88,563,High
38,90,568,Low
38,92,NA,High
38,94,499,Low
38,96,357,High
38,98,251,Low
38,100,304,High
38,102,486,Low
38,104,346,High
38,106,379,Low
38,108,379,High
38,110,214,Low
38,112,298,High
38,114,383,Low
38,116,317,High
38,118,442,Low
38,120,108,High
38,122,251,Low
38,124,134,High
38,126,222,Low
38,128,157,High
38,130,246,Low
38,132,147,High
38,134,268,Low
38,136,292,High
38,138,355,Low
38,140,206,High
38,142,444,Low
38,144,183,High
38,146,204,Low
38,148,360,High
38,150,302,Low
38,152,216,High
38,154,742,Low
38,156,386,High
38,158,247,Low
38,164,156,High
38,166,349,Low
38,168,374,High
38,170,395,Low
38,172,383,High
38,174,395,Low
38,176,206,High
38,178,208,Low
38,180,210,High
38,182,454,Low
38,188,539,High
38,192,175,High
38,194,NA,Low
38,196,194,High
38,198,208,Low
38,200,146,High
38,202,560,Low
38,204,317,High
38,206,581,Low
38,208,208,High
38,210,187,Low
38,212,227,High
38,214,267,Low
38,216,221,High
38,218,389,Low
38,220,391,High
38,222,235,Low
38,224,365,High
38,226,466,Low
38,228,369,High
38,230,471,Low
38,232,299,High
38,234,417,Low
38,236,149,High
38,238,164,Low
38,240,406,High
38,242,586,Low
38,244,289,High
38,246,191,Low
38,248,242,High
38,250,341,Low
38,252,331,High
38,254,297,Low
38,256,184,High
38,258,299,Low
38,260,289,High
38,262,395,Low
38,264,203,High
38,268,341,High
38,270,470,Low
38,272,347,High
38,274,483,Low
38,276,190,High
38,278,285,Low
38,280,393,High
38,282,339,Low
38,284,513,High
38,286,201,Low
38,288,342,High
39,1,303,Low
39,7,NA,High
39,9,284,Low
39,15,NA,High
39,19,438,High
39,21,247,Low
39,23,311,High
39,25,NA,Low
39,27,NA,High
39,29,234,Low
39,31,NA,High
39,33,318,Low
39,35,292,High
39,39,346,High
39,41,213,Low
39,43,272,High
39,45,374,Low
39,47,236,High
39,49,NA,Low
39,51,223,High
39,53,NA,Low
39,55,NA,High
39,57,360,Low
39,59,NA,High
39,63,301,High
39,65,184,Low
39,69,205,Low
39,71,297,High
39,73,NA,Low
39,75,261,High
39,77,289,Low
39,79,NA,High
39,81,NA,Low
39,85,387,Low
39,87,NA,High
39,89,NA,Low
39,91,206,High
39,93,169,Low
39,97,NA,Low
39,101,232,Low
39,103,160,High
39,107,NA,High
39,109,358,Low
39,111,250,High
39,113,267,Low
39,115,178,High
39,117,NA,Low
39,119,NA,High
39,121,211,Low
39,127,194,High
39,129,209,Low
39,131,209,High
39,133,NA,Low
39,135,214,High
39,137,277,Low
39,139,97,High
39,141,612,Low
39,149,NA,Low
39,153,351,Low
39,155,251,High
39,157,264,Low
39,159,210,High
39,161,289,Low
39,163,200,High
39,165,191,Low
39,167,218,High
39,169,NA,Low
39,171,233,High
39,173,307,Low
39,175,175,High
39,177,163,Low
39,179,NA,High
39,181,304,Low
39,183,NA,High
39,185,NA,Low
39,187,303,High
39,189,315,Low
39,191,461,High
39,193,NA,Low
39,195,283,High
39,197,NA,Low
39,199,NA,High
39,201,444,Low
39,205,145,Low
39,207,272,High
39,209,265,Low
39,211,218,High
39,215,NA,High
39,217,NA,Low
39,219,219,High
39,221,558,Low
39,223,NA,High
39,227,170,High
39,229,241,Low
39,231,297,High
39,233,286,Low
39,235,334,High
39,237,398,Low
39,239,311,High
39,243,281,High
39,245,263,Low
39,247,241,High
39,249,NA,Low
39,251,232,High
39,253,292,Low
39,257,268,Low
39,261,361,Low
39,263,234,High
39,265,372,Low
39,269,212,Low
39,271,NA,High
39,273,NA,Low
39,279,213,High
39,283,189,High
39,285,255,Low
39,287,284,High
40,2,87,High
40,4,268,Low
40,8,186,Low
40,10,165,High
40,14,203,High
40,16,297,Low
40,18,196,High
40,20,216,Low
40,22,306,High
40,26,200,High
40,30,NA,High
40,34,NA,High
40,36,417,Low
40,38,260,High
40,40,202,Low
40,42,291,High
40,44,174,Low
40,46,120,High
40,48,NA,Low
40,50,195,High
40,52,175,Low
40,54,203,High
40,56,193,Low
40,58,351,High
40,60,309,Low
40,62,222,High
40,64,239,Low
40,66,174,High
40,68,291,Low
40,70,191,High
40,72,204,Low
40,74,262,High
40,76,220,Low
40,78,258,High
40,80,315,Low
40,82,185,High
40,84,179,Low
40,86,210,High
40,88,230,Low
40,90,NA,High
40,94,NA,High
40,96,279,Low
40,98,161,High
40,100,177,Low
40,102,173,High
40,104,264,Low
40,106,NA,High
40,110,229,High
40,112,207,Low
40,114,167,High
40,118,316,High
40,120,210,Low
40,122,310,High
40,124,NA,Low
40,126,152,High
40,128,NA,Low
40,130,196,High
40,132,184,Low
40,134,221,High
40,136,217,Low
40,138,NA,High
40,142,270,High
40,146,165,High
40,148,172,Low
40,150,198,High
40,152,368,Low
40,158,178,High
40,160,257,Low
40,162,279,High
40,164,211,Low
40,166,233,High
40,168,185,Low
40,170,530,High
40,172,302,Low
40,174,198,High
40,176,191,Low
40,180,NA,Low
40,182,254,High
40,184,246,Low
40,188,216,Low
40,190,232,High
40,192,NA,Low
40,194,209,High
40,196,285,Low
40,198,NA,High
40,200,291,Low
40,202,180,High
40,204,197,Low
40,208,250,Low
40,210,189,High
40,212,218,Low
40,216,238,Low
40,218,186,High
40,220,166,Low
40,222,226,High
40,224,411,Low
40,226,NA,High
40,228,262,Low
40,230,287,High
40,234,NA,High
40,236,222,Low
40,238,280,High
40,240,325,Low
40,244,323,Low
40,246,156,High
40,248,295,Low
40,250,170,High
40,252,348,Low
40,254,225,High
40,256,167,Low
40,258,300,High
40,260,NA,Low
40,262,262,High
40,264,233,Low
40,266,227,High
40,268,224,Low
40,270,177,High
40,274,173,High
40,276,248,Low
40,278,256,High
40,280,301,Low
40,284,NA,Low
40,286,NA,High
40,288,256,Low
41,1,NA,High
41,3,75,Low
41,5,NA,High
41,7,NA,Low
41,9,87,High
41,11,226,Low
41,15,NA,Low
41,17,177,High
41,19,NA,Low
41,21,174,High
41,23,132,Low
41,25,NA,High
41,27,35,Low
41,29,NA,High
41,31,171,Low
41,33,165,High
41,35,111,Low
41,37,NA,High
41,39,134,Low
41,41,155,High
41,43,110,Low
41,45,NA,High
41,47,NA,Low
41,49,NA,High
41,51,163,Low
41,53,NA,High
41,55,NA,Low
41,57,142,High
41,61,NA,High
41,63,246,Low
41,65,146,High
41,67,NA,Low
41,69,181,High
41,71,150,Low
41,73,NA,High
41,75,134,Low
41,77,NA,High
41,79,426,Low
41,81,NA,High
41,85,61,High
41,87,156,Low
41,89,NA,High
41,91,NA,Low
41,93,221,High
41,95,98,Low
41,97,135,High
41,99,155,Low
41,101,203,High
41,103,145,Low
41,105,152,High
41,109,336,High
41,111,161,Low
41,113,150,High
41,115,348,Low
41,117,NA,High
41,119,NA,Low
41,121,158,High
41,123,125,Low
41,125,137,High
41,129,NA,High
41,131,132,Low
41,133,NA,High
41,135,319,Low
41,137,112,High
41,139,NA,Low
41,141,NA,High
41,143,NA,Low
41,145,199,High
41,147,NA,Low
41,149,191,High
41,155,313,Low
41,157,NA,High
41,159,313,Low
41,161,NA,High
41,163,NA,Low
41,165,364,High
41,167,216,Low
41,169,108,High
41,171,NA,Low
41,173,123,High
41,175,172,Low
41,179,NA,Low
41,183,152,Low
41,185,NA,High
41,187,128,Low
41,189,NA,High
41,191,NA,Low
41,193,103,High
41,197,NA,High
41,199,101,Low
41,201,176,High
41,203,187,Low
41,205,NA,High
41,207,NA,Low
41,209,163,High
41,211,NA,Low
41,213,134,High
41,215,136,Low
41,217,166,High
41,219,79,Low
41,221,NA,High
41,223,194,Low
41,225,107,High
41,227,277,Low
41,229,NA,High
41,231,NA,Low
41,233,NA,High
41,235,148,Low
41,237,164,High
41,239,NA,Low
41,241,148,High
41,243,NA,Low
41,245,NA,High
41,247,NA,Low
41,249,204,High
41,251,130,Low
41,253,164,High
41,255,124,Low
41,257,NA,High
41,259,210,Low
41,261,172,High
41,263,NA,Low
41,265,NA,High
41,267,129,Low
41,269,183,High
41,271,NA,Low
41,273,148,High
41,275,162,Low
41,277,NA,High
41,281,NA,High
41,283,149,Low
41,285,151,High
42,2,NA,Low
42,4,NA,High
42,10,283,Low
42,12,227,High
42,16,NA,High
42,18,214,Low
42,20,279,High
42,26,260,Low
42,28,182,High
42,30,390,Low
42,32,NA,High
42,34,399,Low
42,36,159,High
42,38,204,Low
42,40,196,High
42,42,NA,Low
42,44,312,High
42,46,171,Low
42,48,340,High
42,50,269,Low
42,54,198,Low
42,56,151,High
42,58,132,Low
42,60,170,High
42,62,265,Low
42,66,149,Low
42,68,162,High
42,70,NA,Low
42,76,148,High
42,78,329,Low
42,80,188,High
42,84,168,High
42,86,216,Low
42,88,NA,High
42,92,NA,High
42,94,385,Low
42,98,165,Low
42,100,167,High
42,102,310,Low
42,104,248,High
42,106,230,Low
42,108,174,High
42,110,399,Low
42,112,365,High
42,114,234,Low
42,116,360,High
42,118,370,Low
42,122,197,Low
42,124,165,High
42,126,442,Low
42,128,NA,High
42,130,353,Low
42,134,360,Low
42,136,154,High
42,138,159,Low
42,140,235,High
42,142,NA,Low
42,146,202,Low
42,148,515,High
42,150,200,Low
42,152,268,High
42,156,184,High
42,158,378,Low
42,160,NA,High
42,162,185,Low
42,164,210,High
42,166,161,Low
42,168,NA,High
42,170,474,Low
42,172,209,High
42,174,198,Low
42,176,173,High
42,178,349,Low
42,180,NA,High
42,182,379,Low
42,184,328,High
42,186,169,Low
42,188,226,High
42,190,228,Low
42,192,185,High
42,194,NA,Low
42,196,375,High
42,198,372,Low
42,200,204,High
42,202,162,Low
42,204,180,High
42,206,205,Low
42,208,212,High
42,210,238,Low
42,212,390,High
42,214,278,Low
42,216,463,High
42,218,430,Low
42,220,208,High
42,224,207,High
42,226,168,Low
42,228,235,High
42,230,388,Low
42,234,200,Low
42,240,275,High
42,242,203,Low
42,244,NA,High
42,246,221,Low
42,248,143,High
42,250,192,Low
42,252,208,High
42,254,156,Low
42,256,205,High
42,258,169,Low
42,262,208,Low
42,264,168,High
42,266,341,Low
42,270,229,Low
42,272,193,High
42,274,200,Low
42,276,195,High
42,278,176,Low
42,280,361,High
42,282,NA,Low
42,284,215,High
42,286,392,Low
42,288,167,High
43,1,343,Low
43,3,142,High
43,5,339,Low
43,7,113,High
43,9,629,Low
43,13,283,Low
43,15,198,High
43,17,430,Low
43,19,186,High
43,21,389,Low
43,23,304,High
43,25,278,Low
43,27,266,High
43,29,236,Low
43,31,262,High
43,33,283,Low
43,35,214,High
43,37,185,Low
43,39,369,High
43,41,279,Low
43,43,244,High
43,47,320,High
43,49,262,Low
43,51,393,High
43,57,263,Low
43,61,361,Low
43,63,326,High
43,65,362,Low
43,67,370,High
43,69,402,Low
43,71,262,High
43,73,353,Low
43,75,NA,High
43,79,296,High
43,81,398,Low
43,83,330,High
43,85,582,Low
43,87,273,High
43,89,453,Low
43,93,410,Low
43,95,243,High
43,99,235,High
43,103,286,High
43,105,325,Low
43,107,273,High
43,109,389,Low
43,111,231,High
43,113,308,Low
43,115,337,High
43,117,298,Low
43,123,291,High
43,125,321,Low
43,129,387,Low
43,131,260,High
43,135,276,High
43,139,222,High
43,141,431,Low
43,145,284,Low
43,147,287,High
43,149,321,Low
43,151,268,High
43,153,184,Low
43,155,241,High
43,157,145,Low
43,159,327,High
43,161,391,Low
43,163,331,High
43,165,286,Low
43,167,199,High
43,169,497,Low
43,171,268,High
43,173,388,Low
43,175,247,High
43,177,211,Low
43,179,182,High
43,181,452,Low
43,183,297,High
43,185,218,Low
43,187,188,High
43,189,511,Low
43,191,378,High
43,193,282,Low
43,197,292,Low
43,199,240,High
43,201,461,Low
43,203,300,High
43,205,279,Low
43,207,230,High
43,209,260,Low
43,211,219,High
43,213,295,Low
43,215,221,High
43,217,335,Low
43,219,239,High
43,221,371,Low
43,223,370,High
43,225,514,Low
43,229,288,Low
43,231,407,High
43,233,181,Low
43,235,227,High
43,237,249,Low
43,239,239,High
43,241,362,Low
43,243,210,High
43,245,537,Low
43,247,217,High
43,249,328,Low
43,251,221,High
43,253,316,Low
43,255,263,High
43,257,422,Low
43,259,187,High
43,263,304,High
43,265,304,Low
43,267,184,High
43,269,278,Low
43,271,366,High
43,273,235,Low
43,275,284,High
43,277,248,Low
43,281,292,Low
43,283,390,High
43,285,515,Low
43,287,381,High
44,2,NA,High
44,4,289,Low
44,6,223,High
44,8,197,Low
44,12,270,Low
44,14,NA,High
44,16,210,Low
44,18,NA,High
44,22,NA,High
44,24,279,Low
44,28,175,Low
44,30,181,High
44,32,151,Low
44,34,149,High
44,36,196,Low
44,40,266,Low
44,42,153,High
44,44,163,Low
44,46,143,High
44,50,202,High
44,52,156,Low
44,54,183,High
44,56,278,Low
44,58,189,High
44,60,171,Low
44,62,154,High
44,64,289,Low
44,66,198,High
44,68,240,Low
44,72,NA,Low
44,74,184,High
44,78,166,High
44,80,192,Low
44,82,180,High
44,84,212,Low
44,86,NA,High
44,88,262,Low
44,90,213,High
44,92,319,Low
44,94,187,High
44,96,228,Low
44,98,190,High
44,102,159,High
44,104,229,Low
44,106,188,High
44,108,377,Low
44,110,160,High
44,112,164,Low
44,114,192,High
44,116,215,Low
44,118,208,High
44,122,199,High
44,124,247,Low
44,126,177,High
44,128,271,Low
44,130,185,High
44,132,189,Low
44,134,170,High
44,136,321,Low
44,138,NA,High
44,140,350,Low
44,142,194,High
44,144,197,Low
44,148,158,Low
44,150,182,High
44,156,156,Low
44,158,241,High
44,160,NA,Low
44,162,NA,High
44,166,NA,High
44,168,181,Low
44,170,224,High
44,172,455,Low
44,174,178,High
44,176,186,Low
44,178,172,High
44,180,164,Low
44,182,220,High
44,184,NA,Low
44,186,351,High
44,188,270,Low
44,190,233,High
44,192,230,Low
44,194,261,High
44,196,161,Low
44,198,NA,High
44,200,166,Low
44,202,179,High
44,204,307,Low
44,206,229,High
44,208,154,Low
44,210,156,High
44,214,175,High
44,218,252,High
44,220,247,Low
44,222,177,High
44,224,207,Low
44,226,NA,High
44,228,218,Low
44,230,137,High
44,232,191,Low
44,236,241,Low
44,240,159,Low
44,242,191,High
44,244,226,Low
44,246,187,High
44,248,178,Low
44,252,210,Low
44,254,151,High
44,256,315,Low
44,258,221,High
44,262,167,High
44,264,170,Low
44,266,235,High
44,268,239,Low
44,270,202,High
44,272,233,Low
44,274,173,High
44,276,313,Low
44,278,155,High
44,280,228,Low
44,284,265,Low
44,286,374,High
44,288,177,Low
